	Adrian Sutil	Aguri Suzuki	Alain Prost	Alan Brown	Alan Jones	Alberto Ascari	Alessandro Nannini	Alessandro Zanardi	Alex Caffi	Alex Yoong	Alexander Albon	Alexander Rossi	Alexander Wurz	Alfonso de Portago	Allan McNish	Andre Pilette	Andrea de Adamich	Andrea de Cesaris	Andy Linden	Anthony Davidson	Antonio Giovinazzi	Antonio Pizzonia	Art Cross	Arturo Merzario	Ayrton Senna	Bernard Collomb	Bertrand Gachot	Bill Holland	Bill Homeier	Bill Vukovich	Bob Anderson	Bob Bondurant	Bob Sweikert	Bobby Ball	Brausch Niemann	Brendon Hartley	Brian Redman	Bruce McLaren	Bruno Giacomelli	Bruno Senna	Carel Godin de Beaufort	Carlos Menditeguy	Carlos Pace	Carlos Reutemann	Carlos Sainz	Cecil Green	Cesare Perdisa	Charles Leclerc	Charles Pic	Chico Landi	Chico Serra	Chris Amon	Chris Irwin	Christian Danner	Christian Fittipaldi	Christian Klien	Christijan Albers	Clay Regazzoni	Cliff Allison	Consalvo Sanesi	Cristiano da Matta	Damon Hill	Dan Gurney	Daniel Ricciardo	Daniil Kvyat	Danny Sullivan	David Coulthard	David Prophet	Dennis Poore	Denny Hulme	Derek Bell	Derek Daly	Derek Warwick	Dick Rathmann	Didier Pironi	Don Branson	Don Freeland	Dorino Serafini	Doug Serrurier	Duane Carter	Eddie Cheever	Eddie Irvine	Eddie Johnson	Elie Bayol	Elio de Angelis	Eliseo Salazar	Emanuele Pirro	Emerson Fittipaldi	Enrique Bernoldi	Eric Bernard	Eric Thompson	Erik Comas	Ernie Pieterse	Esteban Gutierrez	Esteban Ocon	Esteban Tuero	Eugene Chaboud	Eugenio Castellotti	Fabrizio Barbazza	Felice Bonetto	Felipe Massa	Felipe Nasr	Fernando Alonso	Franck Montagny	Francois Cevert	Fred Agabashian	Gabriele Tarquini	Gaston Mazzacane	George Amick	George Follmer	George Russell	Gerhard Berger	Gerhard Mitter	Gerino Gerini	Giancarlo Baghetti	Giancarlo Fisichella	Gianmaria Bruni	Gianni Morbidelli	Giedo van der Garde	Gijs van Lennep	Gilles Villeneuve	Giorgio Pantano	Giorgio Scarlatti	Giulio Cabianca	Graham Hill	Gunnar Nilsson	Guy Ligier	Hans Herrmann	Hans-Joachim Stuck	Hap Sharp	Harry Schell	Hector Rebaque	Heikki Kovalainen	Heinz-Harald Frentzen	Henri Pescarolo	Henry Taylor	Hermann Lang	Hermano da Silva Ramos	Horace Gould	Howden Ganley	Ian Burgess	Ian Raby	Ignazio Giunti	Innes Ireland	Ivan Capelli	Jack Brabham	Jack Fairman	Jack McGrath	Jackie Lewis	Jackie Oliver	Jackie Stewart	Jacky Ickx	Jacques Laffite	Jacques Villeneuve	Jaime Alguersuari	James Hunt	Jan Magnussen	Jarno Trulli	Jean Alesi	Jean Behra	Jean-Christophe Boullion	Jean-Eric Vergne	Jean-Pierre Beltoise	Jean-Pierre Jabouille	Jean-Pierre Jarier	Jenson Button	Jerome d'Ambrosio	Jim Clark	Jim Hall	Jim Rathmann	Jimmy Bryan	Jimmy Davies	Jo Bonnier	Jo Siffert	Jochen Mass	Jochen Rindt	Jody Scheckter	John Campbell-Jones	John Love	John Miles	John Surtees	John Taylor	John Watson	Johnnie Parsons	Johnny Boyd	Johnny Cecotto	Johnny Dumfries	Johnny Herbert	Johnny Servoz-Gavin	Johnny Thomson	Joie Chitwood	Jolyon Palmer	Jonathan Palmer	Jos Verstappen	Jose Froilan Gonzalez	Juan Manuel Fangio	Juan Pablo Montoya	Jules Bianchi	Julian Bailey	Justin Wilson	Jyrki Jarvilehto	Kamui Kobayashi	Karl Kling	Karl Wendlinger	Karun Chandhok	Kazuki Nakajima	Keke Rosberg	Ken Wharton	Kevin Magnussen	Kimi Räikkönen	Lance Stroll	Lando Norris	Lee Wallard	Lella Lombardi	Lewis Hamilton	Lorenzo Bandini	Louis Chiron	Louis Rosier	Luca Badoer	Lucas di Grassi	Luciano Burti	Lucien Bianchi	Ludovico Scarfiotti	Luigi Fagioli	Luigi Musso	Luigi Villoresi	Luis Perez-Sala	Manfred Winkelhock	Manny Ayulo	Marc Gene	Marc Surer	Marcus Ericsson	Mario Andretti	Mario de Araujo Cabral	Mark Blundell	Mark Donohue	Mark Webber	Martin Brundle	Masten Gregory	Mauri Rose	Maurice Trintignant	Mauricio Gugelmin	Mauro Baldi	Max Chilton	Max Verstappen	Michael Andretti	Michael Schumacher	Michele Alboreto	Mika Hakkinen	Mika Salo	Mike Hailwood	Mike Hawthorn	Mike Nazaruk	Mike Parkes	Mike Spence	Moises Solana	Narain Karthikeyan	Nelson Piquet	Neville Lederle	Nicholas Latifi	Nick Heidfeld	Nico Hulkenberg	Nico Rosberg	Nicola Larini	Nicolas Kiesa	Nigel Mansell	Niki Lauda	Nino Farina	Olivier Gendebien	Olivier Grouillard	Olivier Panis	Onofre Marimon	Oscar Alfredo Galvez	Paco Godia	Pascal Wehrlein	Pastor Maldonado	Pat Flaherty	Patrick Depailler	Patrick Friesacher	Patrick Tambay	Paul Frere	Paul Goldsmith	Paul Russo	Paul di Resta	Pedro Diniz	Pedro Lamy	Pedro Rodriguez	Pedro de la Rosa	Peter Arundell	Peter Broeker	Peter Collins	Peter Gethin	Peter Revson	Peter Whitehead	Peter de Klerk	Phil Hill	Philippe Alliot	Philippe Etancelin	Philippe Streiff	Piercarlo Ghinzani	Pierluigi Martini	Piero Taruffi	Pierre Gasly	Piers Courage	Prince Bira	Ralf Schumacher	Ralph Firman	Raymond Sommer	Reg Parnell	Reine Wisell	Rene Arnoux	Renzo Zorzi	Ricardo Rodriguez	Ricardo Rosset	Ricardo Zonta	Riccardo Patrese	Richard Attwood	Richie Ginther	Rio Haryanto	Robert Doornbos	Robert Kubica	Robert Manzon	Roberto Merhi	Roberto Mieres	Roberto Moreno	Rodger Ward	Rolf Stommelen	Romain Grosjean	Ron Flockhart	Ronnie Bucknum	Ronnie Peterson	Roy Salvadori	Rubens Barrichello	Rudi Fischer	Sakon Yamamoto	Sam Hanks	Sam Tingle	Satoru Nakajima	Scott Speed	Sebastian Vettel	Sebastien Bourdais	Sebastien Buemi	Sergey Sirotkin	Sergio Mantovani	Sergio Perez	Shinji Nakano	Silvio Moser	Slim Borgudd	Stefan Bellof	Stefan Johansson	Stefano Modena	Stirling Moss	Stoffel Vandoorne	Stuart Lewis-Evans	Takuma Sato	Teo Fabi	Thierry Boutsen	Tiago Monteiro	Tim Schenken	Timo Glock	Tom Pryce	Tony Bettenhausen	Tony Brise	Tony Brooks	Tony Maggs	Tony Settember	Toranosuke Takagi	Toulo de Graffenried	Trevor Blokdyk	Trevor Taylor	Troy Ruttman	Ukyo Katayama	Umberto Maglioli	Valtteri Bottas	Vic Elford	Vitaly Petrov	Vitantonio Liuzzi	Vittorio Brambilla	Walt Faulkner	Walt Hansgen	Will Stevens	Willy Mairesse	Wilson Fittipaldi	Wolfgang von Trips	Yuji Ide	Yves Giraud Cabantous	Zsolt Baumgartner
1949	0	0	0	0	0	0	0	0	0	0	0	0	0	0	0	0	0	0	0	0	0	0	0	0	0	0	0	0	0	0	0	0	0	0	0	0	0	0	0	0	0	0	0	0	0	0	0	0	0	0	0	0	0	0	0	0	0	0	0	0	0	0	0	0	0	0	0	0	0	0	0	0	0	0	0	0	0	0	0	0	0	0	0	0	0	0	0	0	0	0	0	0	0	0	0	0	0	0	0	0	0	0	0	0	0	0	0	0	0	0	0	0	0	0	0	0	0	0	0	0	0	0	0	0	0	0	0	0	0	0	0	0	0	0	0	0	0	0	0	0	0	0	0	0	0	0	0	0	0	0	0	0	0	0	0	0	0	0	0	0	0	0	0	0	0	0	0	0	0	0	0	0	0	0	0	0	0	0	0	0	0	0	0	0	0	0	0	0	0	0	0	0	0	0	0	0	0	0	0	0	0	0	0	0	0	0	0	0	0	0	0	0	0	0	0	0	0	0	0	0	0	0	0	0	0	0	0	0	0	0	0	0	0	0	0	0	0	0	0	0	0	0	0	0	0	0	0	0	0	0	0	0	0	0	0	0	0	0	0	0	0	0	0	0	0	0	0	0	0	0	0	0	0	0	0	0	0	0	0	0	0	0	0	0	0	0	0	0	0	0	0	0	0	0	0	0	0	0	0	0	0	0	0	0	0	0	0	0	0	0	0	0	0	0	0	0	0	0	0	0	0	0	0	0	0	0	0	0	0	0	0	0	0	0	0	0	0	0	0	0	0	0	0	0	0	0	0	0	0	0	0	0	0	0	0	0	0	0	0	0	0	0	0	0	0	0	0	0	0	0	0	0	0	0	0	0	0	0	0	0	0	0	0	0	0	0	0
1950	0	0	0	0	0	11	0	0	0	0	0	0	0	0	0	0	0	0	0	0	0	0	0	0	0	0	0	6	0	0	0	0	0	0	0	0	0	0	0	0	0	0	0	0	0	3	0	0	0	0	0	0	0	0	0	0	0	0	0	0	0	0	0	0	0	0	0	0	0	0	0	0	0	0	0	0	0	3	0	0	0	0	0	0	0	0	0	0	0	0	0	0	0	0	0	0	1	0	0	2	0	0	0	0	0	0	0	0	0	0	0	0	0	0	0	0	0	0	0	0	0	0	0	0	0	0	0	0	0	0	0	0	0	0	0	0	0	0	0	0	0	0	0	0	0	0	0	0	0	0	0	0	0	0	0	0	0	0	0	0	0	0	0	0	0	0	0	0	0	0	0	0	0	0	0	0	0	0	0	0	0	0	0	9	0	0	0	0	0	0	1	0	0	0	0	27	0	0	0	0	0	0	0	0	0	0	0	0	0	0	0	0	0	0	0	0	4	13	0	0	0	0	0	24	0	0	0	0	0	0	0	0	0	0	0	0	0	0	0	4	0	0	0	0	0	0	0	0	0	0	0	0	0	0	0	0	0	0	0	0	0	0	0	0	0	0	0	30	0	0	0	0	0	0	0	0	0	0	0	0	0	0	0	0	0	0	0	0	0	0	0	0	0	4	0	0	0	3	0	0	0	0	0	0	5	0	0	3	4	0	0	0	0	0	0	0	0	0	0	0	0	3	0	0	0	0	0	0	0	0	0	0	0	0	0	0	0	0	0	0	0	0	0	0	0	0	0	0	0	0	0	0	0	0	0	0	0	0	0	0	0	1	0	0	0	0	0	0	0	0	0	0	0	0	0	0	0	0	0	0	0	0	0	0	0	3	0
1951	0	0	0	0	0	36	0	0	0	0	0	0	0	0	0	0	0	0	3	0	0	0	0	0	0	0	0	6	0	0	0	0	0	2	0	0	0	0	0	0	0	0	0	0	0	3	0	0	0	0	0	0	0	0	0	0	0	0	0	3	0	0	0	0	0	0	0	0	0	0	0	0	0	0	0	0	0	3	0	0	0	0	0	0	0	0	0	0	0	0	0	0	0	0	0	0	1	0	0	9	0	0	0	0	0	0	0	0	0	0	0	0	0	0	0	0	0	0	0	0	0	0	0	0	0	0	0	0	0	0	0	0	0	0	0	0	0	0	0	0	0	0	0	0	0	0	0	2	0	0	0	0	0	0	0	0	0	0	0	0	0	0	0	0	0	0	0	0	0	0	0	0	0	0	0	0	0	0	0	0	0	0	0	9	0	0	0	0	0	0	1	0	0	0	24	58	0	0	0	0	0	0	0	0	0	0	0	0	0	0	0	0	9	0	0	0	4	16	0	0	0	0	0	28	0	15	0	0	2	0	0	0	0	0	0	0	0	0	0	4	0	0	0	0	0	0	0	0	0	0	0	0	6	0	0	0	0	0	0	0	0	0	0	0	0	0	0	49	0	0	0	0	0	0	0	0	0	0	0	0	0	0	0	0	0	0	0	0	0	0	0	0	0	4	0	0	0	3	0	0	0	10	0	0	5	0	0	3	9	0	0	0	0	0	0	0	0	0	0	0	0	3	0	0	0	0	0	0	0	0	0	0	0	0	0	0	0	0	0	0	0	0	0	0	0	0	0	0	0	0	0	0	0	0	0	0	0	0	0	0	0	1	0	0	0	0	0	2	0	0	0	0	0	0	0	0	0	0	0	0	0	0	0	0	0	5	0
1952	0	0	0	2	0	72	0	0	0	0	0	0	0	0	0	0	0	0	3	0	0	0	2	0	0	0	0	6	0	1	0	0	0	2	0	0	0	0	0	0	0	0	0	0	0	3	0	0	0	0	0	0	0	0	0	0	0	0	0	3	0	0	0	0	0	0	0	0	3	0	0	0	0	0	0	0	0	3	0	3	0	0	0	0	0	0	0	0	0	0	2	0	0	0	0	0	1	0	0	11	0	0	0	0	0	0	0	0	0	0	0	0	0	0	0	0	0	0	0	0	0	0	0	0	0	0	0	0	0	0	0	0	0	0	0	0	0	0	0	0	0	0	0	0	0	0	0	2	0	0	0	0	0	0	0	0	0	0	0	6	0	0	0	0	0	0	0	0	0	6	0	0	0	0	0	0	0	0	0	0	0	0	0	9	0	0	0	0	0	0	1	0	0	0	30.5	58	0	0	0	0	0	0	0	0	0	0	0	3	0	0	0	0	9	0	0	0	4	16	0	0	0	0	0	28	0	23	0	0	2	0	0	0	0	0	0	0	0	0	0	4	2	0	0	0	0	0	0	0	0	0	0	10	6	0	0	0	0	0	0	0	0	0	0	0	0	0	0	73	0	0	0	0	0	0	0	0	0	0	0	0	2	0	0	0	0	0	0	0	0	0	0	0	0	4	0	0	0	3	0	0	0	32	0	0	5	0	0	3	9	0	0	0	0	0	0	0	0	0	0	0	0	12	0	0	0	0	0	0	0	0	0	0	0	10	0	4	0	0	0	0	0	0	0	0	0	0	0	0	0	0	0	0	0	0	0	0	0	0	0	0	0	1	0	0	0	0	0	2	0	0	8	0	0	0	0	0	0	0	0	0	0	0	0	0	0	5	0
1953	0	0	0	2	0	106.5	0	0	0	0	0	0	0	0	0	0	0	0	3	0	0	0	8	0	0	0	0	6	0	10	0	0	0	2	0	0	0	0	0	0	0	0	0	0	0	3	0	0	0	0	0	0	0	0	0	0	0	0	0	3	0	0	0	0	0	0	0	0	3	0	0	0	0	0	0	0	0	3	0	5	0	0	0	0	0	0	0	0	0	0	2	0	0	0	0	0	1	0	0	17.5	0	0	0	0	0	1.5	0	0	0	0	0	0	0	0	0	0	0	0	0	0	0	0	0	0	0	0	0	0	0	0	0	0	0	0	0	0	2	0	0	0	0	0	0	0	0	0	0	4	0	0	0	0	0	0	0	0	0	0	0	6	0	0	0	0	0	0	0	0	0	6	0	0	0	0	0	0	0	0	0	0	0	0	0	9	0	0	0	0	0	0	1	0	0	0	44	85.5	0	0	0	0	0	0	0	0	0	0	0	3	0	0	0	0	9	0	0	0	4	16	0	0	0	0	0	28	0	40	0	0	2	0	0	0	0	0	0	0	0	0	0	4	6	0	0	0	0	0	0	0	0	0	0	29	6	0	0	0	0	0	0	0	0	0	0	0	0	0	0	99	0	0	0	4	2	0	0	0	0	0	0	0	2	0	1.5	0	0	0	0	0	0	0	0	0	0	4	0	0	0	3	0	0	0	32	0	0	5	0	0	3	9	0	0	0	0	0	0	0	0	0	0	0	0	12	0	0	0	0	0	0	0	0	0	0	0	10	0	6	0	0	0	0	0	0	0	0	0	0	0	0	0	0	0	0	0	0	0	0	0	0	0	0	0	1	0	0	0	0	0	9	0	0	8	0	0	0	0	0	0	0	0	0	0	0	0	0	0	5	0
1954	0	0	0	2	0	107.6	0	0	0	0	0	0	0	0	0	2	0	0	3	0	0	0	8	0	0	0	0	6	0	18	0	0	0	2	0	0	0	0	0	0	0	0	0	0	0	3	0	0	0	0	0	0	0	0	0	0	0	0	0	3	0	0	0	0	0	0	0	0	3	0	0	0	0	0	0	0	0	3	0	6.5	0	0	0	2	0	0	0	0	0	0	2	0	0	0	0	0	1	0	0	17.5	0	0	0	0	0	1.5	0	0	0	0	0	0	0	0	0	0	0	0	0	0	0	0	0	0	0	0	0	8	0	0	0	0	0	0	0	0	2	0	0	0	0	0	0	0	0	0	0	9	0	0	0	0	0	0	0	0	0	0	0	6.1	0	0	0	0	0	0	0	0	0	6	6	0	0	0	0	0	0	0	0	0	0	0	0	9	0	0	0	0	0	0	1	0	0	0	69.1	127.5	0	0	0	0	0	0	12	0	0	0	0	3	0	0	0	0	9	0	0	0	4	16	0	0	0	0	0	28	6	42	0	0	2	0	0	0	0	0	0	0	0	0	0	4	23	0	0	0	0	0	0	0	0	0	0	53.6	8	0	0	0	0	0	0	0	0	0	0	0	0	0	0	105	0	0	0	8.1	2	0	0	0	0	0	0	0	2	0	1.5	0	0	0	0	0	0	0	0	0	0	4	0	0	0	3	0	0	0	32	0	0	8	0	0	3	9	0	0	0	0	0	0	0	0	0	0	0	0	16	0	6	0	0	0	0	0	0	0	0	0	10	0	6	0	0	0	0	0	0	0	4	0	0	0	0	0	0	0	4.1	0	0	0	0	0	0	0	0	0	1	0	0	0	0	0	9	0	0	9.5	0	2	0	0	0	0	0	0	0	0	0	0	0	0	5	0
1955	0	0	0	2	0	107.6	0	0	0	0	0	0	0	0	0	2	0	0	3	0	0	0	8	0	0	0	0	6	1	19	0	0	8	2	0	0	0	0	0	0	0	2	0	0	0	3	2	0	0	0	0	0	0	0	0	0	0	0	0	3	0	0	0	0	0	0	0	0	3	0	0	0	0	0	0	0	0	3	0	6.5	0	0	0	2	0	0	0	0	0	0	2	0	0	0	0	0	1	12	0	17.5	0	0	0	0	0	1.5	0	0	0	0	0	0	0	0	0	0	0	0	0	0	0	0	0	0	0	0	0	9	0	0	0	0	0	0	0	0	2	0	0	0	0	0	0	0	0	0	0	9	0	0	0	0	0	0	0	0	0	0	0	12.1	0	0	0	0	0	0	0	0	0	6	6	4	0	0	0	0	0	0	0	0	0	0	0	9	0	0	0	0	0	3	1	0	0	0	71.1	167.5	0	0	0	0	0	0	17	0	0	0	0	3	0	0	0	0	9	0	0	0	4	16	0	0	0	0	0	28	12	44	0	0	2	0	0	0	0	0	0	0	0	0	0	4	34.3	0	0	0	0	0	0	0	0	0	0	53.6	8	0	0	0	0	0	0	0	0	0	0	0	0	0	0	115.3	0	0	0	8.1	2	0	0	0	0	0	0	0	5	0	4.5	0	0	0	0	0	0	0	0	0	0	4	0	0	0	3	0	0	0	41	0	0	8	0	0	3	9	0	0	0	0	0	0	0	0	0	0	0	0	16	0	13	0	0	0	0	0	0	0	0	0	10	0	6	0	0	0	0	0	0	0	4	0	0	0	0	0	0	0	27.1	0	0	0	0	0	0	0	0	0	4	0	0	0	0	0	9	0	0	9.5	0	3.3	0	0	0	0	0	1	0	0	0	0	0	0	5	0
1956	0	0	0	2	0	107.6	0	0	0	0	0	0	0	3	0	2	0	0	3	0	0	0	8	0	0	0	0	6	1	19	0	0	8	2	0	0	0	0	0	0	0	2	0	0	0	3	5	0	0	1.5	0	0	0	0	0	0	0	0	0	3	0	0	0	0	0	0	0	0	3	0	0	0	0	2	0	0	4	3	0	6.5	0	0	0	2	0	0	0	0	0	0	2	0	0	0	0	0	1	19.5	0	17.5	0	0	0	0	0	1.5	0	0	0	0	0	0	0	1.5	0	0	0	0	0	0	0	0	0	0	0	0	0	9	0	0	3	0	0	0	0	0	2	2	2	0	0	0	0	0	0	0	5	9	0	0	0	0	0	0	0	0	0	0	0	34.1	0	0	0	0	0	0	0	0	0	6	6	4	0	0	0	0	0	0	0	0	0	0	0	12	0	0	0	0	0	3	1	0	0	0	71.1	197.5	0	0	0	0	0	0	17	0	0	0	0	3	0	0	0	0	9	0	0	0	4	18	0	0	0	0	0	28	16	46	0	0	2	0	0	0	0	0	0	0	0	0	0	4	34.3	0	0	0	0	0	0	0	0	0	0	57.6	8	0	0	0	0	0	0	0	0	0	0	0	0	0	0	115.3	2	0	0	8.1	2	6	0	0	8	0	0	0	11	0	5.5	0	0	0	0	0	0	0	25	0	0	4	0	0	0	3	0	0	0	41	0	0	8	0	0	3	9	0	0	0	0	0	0	0	0	0	0	0	0	16	0	13	0	0	0	0	4	0	0	0	0	10	0	12	0	0	0	0	0	0	0	4	0	0	0	0	0	0	0	54.1	0	0	0	0	0	0	0	0	0	4	0	0	0	0	0	9	0	0	9.5	0	3.3	0	0	0	0	0	1	0	0	0	0	0	0	5	0
1957	0	0	0	2	0	107.6	0	0	0	0	0	0	0	4	0	2	0	0	5	0	0	0	8	0	0	0	0	6	1	19	0	0	8	2	0	0	0	0	0	0	0	6	0	0	0	3	5	0	0	1.5	0	0	0	0	0	0	0	0	0	3	0	0	0	0	0	0	0	0	3	0	0	0	0	2	0	0	4	3	0	6.5	0	0	0	2	0	0	0	0	0	0	2	0	0	0	0	0	1	19.5	0	17.5	0	0	0	0	0	1.5	0	0	0	0	0	0	0	1.5	0	0	0	0	0	0	0	0	1	0	0	0	0	9	0	0	13	0	0	0	0	0	2	2	2	0	0	0	0	0	0	0	5	9	0	0	0	0	0	0	0	0	0	0	0	40.1	0	0	0	0	0	0	0	0	0	13	10	4	0	0	0	0	0	0	0	0	0	0	0	12	0	0	0	0	0	3	1	0	0	0	72.1	237.5	0	0	0	0	0	0	17	0	0	0	0	3	0	0	0	0	9	0	0	0	4	18	0	0	0	0	0	28	32	46	0	0	2	0	0	0	0	0	0	0	0	0	10	4	39.3	0	0	0	0	0	0	0	0	0	0	70.6	8	0	0	0	0	0	0	0	0	0	0	0	0	0	0	115.3	2	0	0	8.1	2	6	0	0	8	0	0	0	11	0	8.5	0	0	0	0	0	0	0	33	0	0	4	0	0	0	3	0	0	0	41	0	0	8	0	0	3	9	0	0	0	0	0	0	0	0	0	0	0	0	16	0	13	0	0	0	0	4	0	0	2	0	10	0	20	0	0	0	0	0	0	0	4	0	0	0	0	0	0	0	79.1	0	5	0	0	0	0	0	0	0	4	0	11	0	0	0	9	0	0	9.5	0	3.3	0	0	0	0	0	1	0	0	0	0	4	0	5	0
1958	0	0	0	2	0	107.6	0	0	0	0	0	0	0	4	0	2	0	0	5	0	0	0	8	0	0	0	0	6	1	19	0	0	8	2	0	0	0	0	0	0	0	6	0	0	0	3	5	0	0	1.5	0	0	0	0	0	0	0	0	3	3	0	0	0	0	0	0	0	0	3	0	0	0	0	2	0	0	4	3	0	6.5	0	0	0	2	0	0	0	0	0	0	2	0	0	0	0	0	1	19.5	0	17.5	0	0	0	0	0	1.5	0	0	6	0	0	0	0	1.5	0	0	0	0	0	0	0	0	1	0	0	0	0	9	0	0	27	0	0	0	0	0	2	2	2	0	0	0	0	0	0	3	5	9	0	0	0	0	0	0	0	0	0	0	0	49.1	0	0	0	0	0	0	0	0	0	15	18	4	3	0	0	0	0	0	0	0	0	0	0	12	4	0	0	0	0	3	1	0	0	0	72.1	244.5	0	0	0	0	0	0	17	0	0	0	0	3	0	0	0	0	9	0	0	0	4	18	0	0	0	0	0	28	44	46	0	0	2	0	0	0	0	0	0	0	0	0	10	4	51.3	0	0	0	0	0	0	0	0	0	0	112.6	8	0	0	0	0	0	0	0	0	0	0	0	0	0	0	115.3	2	0	0	8.1	2	6	0	0	8	0	0	0	11	0	8.5	0	0	0	0	0	0	0	47	0	0	4	0	9	0	3	0	0	0	41	0	0	8	0	0	3	9	0	0	0	0	0	0	0	0	0	0	0	0	16	0	13	0	0	0	0	4	0	0	17	0	10	0	20	0	0	0	0	0	0	0	4	0	0	0	0	0	0	0	120.1	0	16	0	0	0	0	0	0	0	8	0	35	0	0	0	9	0	0	9.5	0	3.3	0	0	0	0	0	1	0	0	0	0	13	0	5	0
1959	0	0	0	2	0	107.6	0	0	0	0	0	0	0	4	0	2	0	0	5	0	0	0	8	0	0	0	0	6	1	19	0	0	8	2	0	0	0	16.5	0	0	0	6	0	0	0	3	5	0	0	1.5	0	0	0	0	0	0	0	0	5	3	0	0	13	0	0	0	0	0	3	0	0	0	0	2	0	0	4	3	0	6.5	0	0	0	2	0	0	0	0	0	0	2	0	0	0	0	0	1	19.5	0	17.5	0	0	0	0	0	1.5	0	0	6	0	0	0	0	1.5	0	0	0	0	0	0	0	0	1	0	0	0	0	9	0	0	32	0	0	0	0	0	2	2	2	0	0	0	0	5	0	34	5	9	0	0	0	0	0	0	0	0	0	0	0	51.1	0	0	0	0	0	0	0	0	0	21	18	4	13	0	0	0	0	0	0	0	0	0	0	12	4	0	0	0	0	8	1	0	0	0	72.1	244.5	0	0	0	0	0	0	17	0	0	0	0	3	0	0	0	0	9	0	0	0	4	18	0	0	0	0	0	28	44	46	0	0	2	0	0	0	0	0	0	0	0	0	20	4	70.3	0	0	0	0	0	0	0	0	0	0	112.6	8	0	0	0	0	0	0	0	0	0	0	0	0	0	0	115.3	5	0	0	8.1	2	6	0	0	8	0	0	0	11	2	8.5	0	0	0	0	0	0	0	47	0	0	4	0	29	0	3	0	0	0	41	0	0	8	0	0	3	9	0	0	0	0	0	0	0	0	0	0	0	0	16	0	13	0	8	0	0	4	0	0	17	0	10	0	20	0	0	0	0	0	0	0	4	0	0	0	0	0	0	0	145.6	0	16	0	0	0	0	0	0	0	11	0	62	0	0	0	9	0	0	9.5	0	3.3	0	0	0	0	0	1	0	0	0	0	13	0	5	0
1960	0	0	0	2	0	107.6	0	0	0	0	0	0	0	4	0	2	0	0	5	0	0	0	8	0	0	0	0	6	1	19	0	0	8	2	0	0	0	50.5	0	0	0	9	0	0	0	3	5	0	0	1.5	0	0	0	0	0	0	0	0	11	3	0	0	13	0	0	0	0	0	3	0	0	0	0	2	0	3	4	3	0	6.5	0	0	1	2	0	0	0	0	0	0	2	0	0	0	0	0	1	19.5	0	17.5	0	0	0	0	0	1.5	0	0	6	0	0	0	0	1.5	0	0	0	0	0	0	0	0	1	3	4	0	0	10	0	0	32	0	0	0	0	3	2	2	2	0	0	0	0	23	0	77	5	9	0	0	0	0	0	0	0	0	0	0	0	51.1	0	0	0	0	0	0	0	8	0	29	18	4	17	0	0	0	0	0	0	0	6	0	0	12	4	0	0	0	0	10	1	0	0	0	72.1	244.5	0	0	0	0	0	0	17	0	0	0	0	3	0	0	0	0	9	0	0	0	4	18	0	0	0	1	0	28	44	46	0	0	2	0	0	0	0	0	0	0	0	0	20	4	70.3	0	0	0	0	0	0	0	0	0	0	112.6	8	0	0	0	0	0	0	0	0	0	0	0	0	0	0	115.3	15	0	0	8.1	2	6	0	0	8	0	0	0	11	6	8.5	0	0	0	0	0	0	0	47	0	0	4	0	45	0	3	0	0	0	41	0	0	8	0	0	3	9	0	0	0	0	0	0	0	0	8	0	0	0	16	0	13	0	14	0	0	5	0	0	17	0	10	0	20	0	0	0	0	0	0	0	4	0	0	0	0	0	0	0	164.6	0	16	0	0	0	0	0	0	0	11	0	69	0	0	0	9	0	0	9.5	0	3.3	0	0	0	0	0	1	0	0	4	0	23	0	5	0
1961	0	0	0	2	0	107.6	0	0	0	0	0	0	0	4	0	2	0	0	5	0	0	0	8	0	0	0	0	6	1	19	0	0	8	2	0	0	0	61.5	0	0	0	9	0	0	0	3	5	0	0	1.5	0	0	0	0	0	0	0	0	11	3	0	0	34	0	0	0	0	0	3	0	0	0	0	2	0	3	4	3	0	6.5	0	0	1	2	0	0	0	0	0	0	2	0	0	0	0	0	1	19.5	0	17.5	0	0	0	0	0	1.5	0	0	6	0	0	0	0	1.5	9	0	0	0	0	0	0	0	1	3	7	0	0	10	0	0	32	0	0	0	0	3	2	2	2	0	0	0	0	35	0	81	5	9	3	0	0	0	0	0	0	0	0	0	0	51.1	0	0	0	0	0	0	0	19	0	29	18	4	20	0	0	0	0	0	0	0	10	0	0	12	4	0	0	0	0	10	1	0	0	0	72.1	244.5	0	0	0	0	0	0	17	0	0	0	0	3	0	0	0	0	9	0	0	0	4	18	0	0	0	1	0	28	44	46	0	0	2	0	0	0	0	0	0	0	0	0	20	4	70.3	0	0	0	0	0	0	0	0	0	0	112.6	8	0	0	0	0	0	0	0	0	0	0	0	0	0	0	115.3	18	0	0	8.1	2	6	0	0	8	0	0	0	11	6	8.5	0	0	0	0	0	0	0	47	0	0	4	0	79	0	3	0	0	0	41	0	0	8	0	0	3	9	0	0	0	0	0	0	0	0	24	0	0	0	16	0	13	0	14	0	0	5	0	0	19	0	10	0	20	0	0	0	0	0	0	0	4	0	0	0	0	0	0	0	185.6	0	16	0	0	0	0	0	0	0	11	0	75	0	0	0	9	0	0	9.5	0	3.3	0	0	0	0	0	1	0	0	4	0	56	0	5	0
1962	0	0	0	2	0	107.6	0	0	0	0	0	0	0	4	0	2	0	0	5	0	0	0	8	0	0	0	0	6	1	19	0	0	8	2	0	0	0	88.5	0	0	2	9	0	0	0	3	5	0	0	1.5	0	0	0	0	0	0	0	0	11	3	0	0	49	0	0	0	0	0	3	0	0	0	0	2	0	3	4	3	0	6.5	0	0	1	2	0	0	0	0	0	0	2	0	0	0	0	0	1	19.5	0	17.5	0	0	0	0	0	1.5	0	0	6	0	0	0	0	1.5	14	0	0	0	0	0	0	0	1	3	49	0	0	10	0	0	32	0	0	0	0	3	2	2	2	0	0	0	0	37	0	90	5	9	3	0	0	0	0	0	0	0	0	0	0	51.1	0	0	0	0	0	0	0	49	0	29	18	4	23	0	0	0	0	0	0	0	29	0	0	12	4	0	0	0	0	10	1	0	0	0	72.1	244.5	0	0	0	0	0	0	17	0	0	0	0	3	0	0	0	0	9	0	0	4	4	18	0	0	0	1	0	28	44	46	0	0	2	0	0	0	0	0	0	0	0	0	21	4	70.3	0	0	0	0	0	0	0	0	0	0	112.6	8	0	0	0	0	0	1	0	0	0	0	0	0	0	0	115.3	18	0	0	8.1	2	6	0	0	8	0	0	0	11	6	8.5	0	0	0	0	0	0	0	47	0	0	4	0	93	0	3	0	0	0	41	0	0	8	0	0	3	9	0	0	0	4	0	0	0	0	34	0	0	0	16	0	13	0	14	0	0	5	0	0	19	0	10	0	20	0	0	0	0	0	0	0	4	0	0	0	0	0	0	0	185.6	0	16	0	0	0	0	0	0	0	11	0	75	13	0	0	9	0	6	9.5	0	3.3	0	0	0	0	0	1	0	0	7	0	56	0	5	0
1963	0	0	0	2	0	107.6	0	0	0	0	0	0	0	4	0	2	0	0	5	0	0	0	8	0	0	0	0	6	1	19	0	0	8	2	0	0	0	105.5	0	0	4	9	0	0	0	3	5	0	0	1.5	0	0	0	0	0	0	0	0	11	3	0	0	68	0	0	0	0	0	3	0	0	0	0	2	0	3	4	3	0	6.5	0	0	1	2	0	0	0	0	0	0	2	0	0	0	0	0	1	19.5	0	17.5	0	0	0	0	0	1.5	0	0	6	0	0	0	3	1.5	14	0	0	0	0	0	0	0	1	3	78	0	0	10	0	0	32	0	0	0	0	3	2	2	2	0	0	0	0	43	0	104	5	9	3	0	0	0	0	0	0	0	0	0	0	51.1	0	0	0	0	0	0	0	103	3	29	18	4	29	1	0	0	0	0	0	0	51	0	0	12	4	0	0	0	0	10	1	0	0	0	72.1	244.5	0	0	0	0	0	0	17	0	0	0	0	3	0	0	0	0	9	0	0	10	4	18	0	0	0	1	1	28	44	46	0	0	2	0	0	0	0	0	0	0	0	0	21	4	70.3	0	0	0	0	0	0	0	0	0	0	112.6	8	0	0	0	0	0	1	0	0	0	0	0	0	0	0	115.3	18	0	0	8.1	2	6	0	0	8	0	0	0	11	6	8.5	0	0	0	0	0	0	0	47	0	0	4	0	93	0	3	0	0	0	41	0	0	8	0	0	3	9	0	0	0	4	0	0	0	0	63	0	0	0	16	0	13	0	14	0	0	5	0	0	19	0	10	0	20	0	0	0	0	0	0	0	4	0	0	0	0	0	0	0	185.6	0	16	0	0	0	0	0	0	0	11	0	75	22	0	0	9	0	7	9.5	0	3.3	0	0	0	0	0	1	0	0	7	0	56	0	5	0
1964	0	0	0	2	0	107.6	0	0	0	0	0	0	0	4	0	2	0	0	5	0	0	0	8	0	0	0	0	6	1	19	5	0	8	2	0	0	0	118.5	0	0	4	9	0	0	0	3	5	0	0	1.5	0	2	0	0	0	0	0	0	11	3	0	0	87	0	0	0	0	0	3	0	0	0	0	2	0	3	4	3	0	6.5	0	0	1	2	0	0	0	0	0	0	2	0	0	0	0	0	1	19.5	0	17.5	0	0	0	0	0	1.5	0	0	6	0	0	0	3	1.5	14	0	0	0	0	0	0	0	1	3	117	0	0	10	0	0	32	0	0	0	0	3	2	2	2	0	0	0	0	47	0	115	5	9	3	0	0	0	0	0	0	0	0	0	0	51.1	0	0	0	0	0	0	0	135	3	29	18	4	32	8	0	0	0	0	0	0	91	0	0	12	4	0	0	0	0	10	1	0	0	0	72.1	244.5	0	0	0	0	0	0	17	0	0	0	0	3	0	0	0	0	9	0	0	33	4	18	0	0	0	1	1	28	44	46	0	0	2	0	0	0	0	0	0	0	0	0	21	4	72.3	0	0	0	0	0	0	0	0	0	1	112.6	8	0	4	0	0	0	1	0	0	0	0	0	0	0	0	115.3	18	0	0	8.1	2	6	0	0	8	0	0	0	11	6	8.5	0	0	0	1	0	11	0	47	0	0	4	0	94	0	3	0	0	0	41	0	0	8	0	0	3	9	0	0	0	4	0	0	0	0	86	0	0	0	16	0	13	0	14	0	0	5	0	0	19	0	10	0	20	0	0	0	0	0	0	0	4	0	0	0	0	0	0	0	185.6	0	16	0	0	0	0	0	0	0	11	0	75	26	0	0	9	0	8	9.5	0	3.3	0	0	0	0	0	1	2	0	7	0	56	0	5	0
1965	0	0	0	2	0	107.6	0	0	0	0	0	0	0	4	0	2	0	0	5	0	0	0	8	0	0	0	0	6	1	19	5	0	8	2	0	0	0	128.5	0	0	4	9	0	0	0	3	5	0	0	1.5	0	2	0	0	0	0	0	0	11	3	0	0	112	0	0	0	0	0	3	5	0	0	0	2	0	3	4	3	0	6.5	0	0	1	2	0	0	0	0	0	0	2	0	0	0	0	0	1	19.5	0	17.5	0	0	0	0	0	1.5	0	0	6	0	0	0	3	1.5	14	0	0	0	0	0	0	0	1	3	157	0	0	10	0	0	32	0	0	0	0	3	2	2	2	0	0	0	0	47	0	124	5	9	3	0	33	0	0	0	0	0	0	0	0	51.1	0	0	0	0	0	0	0	189	3	29	18	4	32	13	0	4	0	0	0	0	108	0	0	12	4	0	0	0	0	10	1	0	0	0	72.1	244.5	0	0	0	0	0	0	17	0	0	0	0	3	0	0	0	0	9	0	0	46	4	18	0	0	0	1	1	28	44	46	0	0	2	0	0	0	0	0	0	0	0	0	21	4	72.3	0	0	0	0	0	0	0	0	0	1	112.6	8	0	14	0	0	0	1	0	0	0	0	0	0	0	0	115.3	18	0	0	8.1	2	6	0	0	8	0	0	0	11	6	8.5	0	0	0	3	0	11	0	47	0	0	4	0	94	0	3	0	0	0	41	0	0	8	0	0	3	9	0	0	0	4	0	0	0	2	97	0	0	0	16	0	13	0	14	0	0	5	2	0	19	0	10	0	20	0	0	0	0	0	0	0	4	0	0	0	0	0	0	0	185.6	0	16	0	0	0	0	0	0	0	11	0	75	26	0	0	9	0	8	9.5	0	3.3	0	0	0	0	0	1	2	0	7	0	56	0	5	0
1966	0	0	0	2	0	107.6	0	0	0	0	0	0	0	4	0	2	0	0	5	0	0	0	8	0	0	0	0	6	1	19	6	3	8	2	0	0	0	131.5	0	0	4	9	0	0	0	3	5	0	0	1.5	0	2	0	0	0	0	0	0	11	3	0	0	116	0	0	0	0	0	3	23	0	0	0	2	0	3	4	3	0	6.5	0	0	1	2	0	0	0	0	0	0	2	0	0	0	0	0	1	19.5	0	17.5	0	0	0	0	0	1.5	0	0	6	0	0	0	3	1.5	14	0	0	0	0	0	0	0	1	3	174	0	0	10	0	0	32	0	0	0	0	3	2	2	2	0	0	0	0	47	0	166	5	9	3	0	47	0	0	0	0	0	0	0	0	51.1	0	0	0	0	0	0	0	205	3	29	18	4	33	16	0	26	0	0	0	0	136	1	0	12	4	0	0	0	0	10	1	0	0	0	72.1	244.5	0	0	0	0	0	0	17	0	0	0	0	3	0	0	0	0	9	0	0	58	4	18	0	0	0	1	10	28	44	46	0	0	2	0	0	0	0	0	0	0	0	0	21	4	72.3	0	0	0	0	0	0	0	0	0	1	112.6	8	12	18	0	0	0	1	0	0	0	0	0	0	0	0	115.3	18	0	0	8.1	2	6	0	0	8	0	0	0	11	6	8.5	0	0	0	3	0	12	0	47	0	0	4	0	94	0	3	0	0	0	41	0	0	8	0	0	3	9	0	0	0	4	0	0	0	2	102	0	0	0	16	0	13	0	14	0	0	5	2	0	19	0	10	0	20	0	0	0	0	0	0	0	4	0	0	0	0	0	0	0	185.6	0	16	0	0	0	0	0	0	0	11	0	75	26	0	0	9	0	8	9.5	0	3.3	0	0	0	0	0	1	2	0	7	0	56	0	5	0
1967	0	0	0	2	0	107.6	0	0	0	0	0	0	0	4	0	2	0	0	5	0	0	0	8	0	0	0	0	6	1	19	8	3	8	2	0	0	0	134.5	0	0	4	9	0	0	0	3	5	0	0	1.5	0	22	2	0	0	0	0	0	11	3	0	0	129	0	0	0	0	0	3	74	0	0	0	2	0	3	4	3	0	6.5	0	0	1	2	0	0	0	0	0	0	2	0	0	0	0	0	1	19.5	0	17.5	0	0	0	0	0	1.5	0	0	6	0	0	0	3	1.5	14	0	0	0	0	0	0	0	1	3	189	0	1	10	0	0	32	0	0	0	0	3	2	2	2	0	0	0	0	47	0	212	5	9	3	0	57	1	0	0	0	0	0	0	0	51.1	0	0	0	0	0	0	0	246	3	29	18	4	36	22	0	32	0	0	6	0	156	1	0	12	4	0	0	0	0	10	1	0	0	0	72.1	244.5	0	0	0	0	0	0	17	0	0	0	0	3	0	0	0	0	9	0	0	58	4	18	0	0	0	1	11	28	44	46	0	0	2	0	0	0	0	0	0	0	0	0	21	4	72.3	0	0	0	0	0	0	0	0	0	1	112.6	8	14	27	0	0	0	1	0	0	0	0	0	0	0	0	115.3	18	0	0	8.1	2	6	0	0	8	0	0	0	11	6	8.5	0	0	0	18	0	12	0	47	0	0	4	0	94	0	3	0	0	0	41	0	0	8	0	0	3	9	0	0	0	4	0	0	0	2	102	0	0	0	16	0	13	0	14	0	0	5	2	0	19	0	10	0	20	0	0	0	0	0	0	0	4	0	0	0	0	0	0	0	185.6	0	16	0	0	0	0	0	0	0	11	0	75	26	0	0	9	0	8	9.5	0	3.3	0	0	0	0	0	1	2	0	7	0	56	0	5	0
1968	0	0	0	2	0	107.6	0	0	0	0	0	0	0	4	0	2	0	0	5	0	0	0	8	0	0	0	0	6	1	19	8	3	8	2	0	0	4	156.5	0	0	4	9	0	0	0	3	5	0	0	1.5	0	32	2	0	0	0	0	0	11	3	0	0	132	0	0	0	0	0	3	107	0	0	0	2	0	3	4	3	0	6.5	0	0	1	2	0	0	0	0	0	0	2	0	0	0	0	0	1	19.5	0	17.5	0	0	0	0	0	1.5	0	0	6	0	0	0	3	1.5	14	0	0	0	0	0	0	0	1	3	237	0	1	10	0	0	32	0	0	0	0	3	2	2	2	0	0	0	0	47	0	214	5	9	3	6	93	28	0	0	0	0	0	0	0	51.1	0	0	11	0	0	0	0	255	3	29	18	4	39	34	0	40	0	0	6	0	168	1	0	12	4	0	0	0	6	10	1	0	0	0	72.1	244.5	0	0	0	0	0	0	17	0	0	0	0	3	0	0	0	0	9	0	0	58	4	18	0	0	0	6	17	28	44	46	0	0	2	0	0	0	0	0	0	0	0	0	21	4	72.3	0	0	0	0	0	0	0	0	0	1	112.6	8	14	27	0	0	0	1	0	0	0	0	0	0	0	0	115.3	18	0	0	8.1	2	6	0	0	8	0	0	0	11	6	8.5	0	0	0	36	0	12	0	47	0	0	4	0	94	0	3	0	0	0	41	0	4	8	0	0	3	9	0	0	0	4	0	0	0	8	102	0	0	0	16	0	13	0	14	0	0	5	2	0	19	0	10	0	20	0	0	0	0	0	0	0	4	0	0	2	0	0	0	0	185.6	0	16	0	0	0	0	0	0	0	11	0	75	26	0	0	9	0	8	9.5	0	3.3	0	5	0	0	0	1	2	0	7	0	56	0	5	0
1969	0	0	0	2	0	107.6	0	0	0	0	0	0	0	4	0	2	0	0	5	0	0	0	8	0	0	0	0	6	1	19	8	3	8	2	0	0	4	182.5	0	0	4	9	0	0	0	3	5	0	0	1.5	0	36	2	0	0	0	0	0	11	3	0	0	132	0	0	0	0	0	3	127	0	0	0	2	0	3	4	3	0	6.5	0	0	1	2	0	0	0	0	0	0	2	0	0	0	0	0	1	19.5	0	17.5	0	0	0	0	0	1.5	0	0	6	0	0	0	3	1.5	14	0	0	0	0	0	0	0	1	3	256	0	1	10	0	0	32	0	0	0	0	3	2	2	2	0	0	0	0	47	0	228	5	9	3	7	156	65	0	0	0	0	0	0	0	51.1	0	0	32	0	0	0	0	255	3	29	18	4	39	49	0	62	0	0	6	0	174	1	0	12	4	0	0	0	7	10	1	0	0	0	72.1	244.5	0	0	0	0	0	0	17	0	0	0	0	3	0	0	0	0	9	0	0	58	4	18	0	0	0	6	17	28	44	46	0	0	2	0	0	0	0	0	0	0	0	0	21	4	72.3	0	0	0	0	0	0	0	0	0	1	112.6	8	14	27	0	0	0	1	0	0	0	0	0	0	0	0	115.3	18	0	0	8.1	2	6	0	0	8	0	0	0	11	6	8.5	0	0	0	39	0	12	0	47	0	0	4	0	94	0	3	0	0	0	41	0	20	8	0	0	3	9	0	0	0	4	0	0	0	11	102	0	0	0	16	0	13	0	14	0	0	5	2	0	19	0	10	0	20	0	0	0	0	0	0	0	4	0	0	3	0	0	0	0	185.6	0	16	0	0	0	0	0	0	0	11	0	75	26	0	0	9	0	8	9.5	0	3.3	0	8	0	0	0	1	2	0	7	0	56	0	5	0
1970	0	0	0	2	0	107.6	0	0	0	0	0	0	0	4	0	2	0	0	5	0	0	0	8	0	0	0	0	6	1	19	8	3	8	2	0	0	4	188.5	0	0	4	9	0	0	0	3	5	0	0	1.5	0	59	2	0	0	0	0	33	11	3	0	0	133	0	0	0	0	0	3	154	1	0	0	2	0	3	4	3	0	6.5	0	0	1	2	0	0	0	12	0	0	2	0	0	0	0	0	1	19.5	0	17.5	0	0	0	0	1	1.5	0	0	6	0	0	0	3	1.5	14	0	0	0	0	0	0	0	1	3	263	0	1	10	0	0	32	0	0	0	8	3	2	2	2	0	0	0	3	47	0	253	5	9	3	9	181	105	0	0	0	0	0	0	0	51.1	0	0	48	0	0	0	0	255	3	29	18	4	39	49	0	107	0	0	6	2	177	1	0	12	4	0	0	0	9	10	1	0	0	0	72.1	244.5	0	0	0	0	0	0	17	0	0	0	0	3	0	0	0	0	9	0	0	58	4	18	0	0	0	6	17	28	44	46	0	0	2	0	0	0	4	0	0	0	0	0	21	4	72.3	0	0	0	0	0	0	0	0	0	1	112.6	8	14	27	0	0	0	1	0	0	0	0	0	0	0	0	115.3	18	0	0	8.1	2	6	0	0	8	0	0	0	11	6	8.5	0	0	0	62	0	12	0	47	1	0	4	0	94	0	3	0	0	0	41	0	20	8	0	0	3	9	4	0	0	4	0	0	0	11	102	0	0	0	16	0	13	0	14	10	0	5	2	0	19	0	10	0	20	0	0	0	0	0	0	0	4	0	0	3	0	0	0	0	185.6	0	16	0	0	0	0	0	0	0	11	0	75	26	0	0	9	0	8	9.5	0	3.3	0	8	0	0	0	1	2	0	7	0	56	0	5	0
1971	0	0	0	2	0	107.6	0	0	0	0	0	0	0	4	0	2	0	0	5	0	0	0	8	0	0	0	0	6	1	19	8	3	8	2	0	0	4	188.5	0	0	4	9	0	0	0	3	5	0	0	1.5	0	68	2	0	0	0	0	46	11	3	0	0	133	0	0	0	0	0	3	163	1	0	0	2	0	3	4	3	0	6.5	0	0	1	2	0	0	0	28	0	0	2	0	0	0	0	0	1	19.5	0	17.5	0	0	0	0	27	1.5	0	0	6	0	0	0	3	1.5	14	0	0	0	0	0	0	0	1	3	265	0	1	10	0	0	32	0	0	0	12	3	2	2	2	5	0	0	3	47	0	253	5	9	3	9	243	124	0	0	0	0	0	0	0	51.1	0	0	49	0	0	0	0	255	3	29	18	4	39	68	0	107	0	0	6	2	180	1	0	12	4	0	0	0	9	10	1	0	0	0	72.1	244.5	0	0	0	0	0	0	17	0	0	0	0	3	0	0	0	0	9	0	0	58	4	18	0	0	0	6	17	28	44	46	0	0	2	0	0	0	16	0	0	4	0	0	21	4	72.3	0	0	0	0	0	0	0	0	0	4	112.6	8	14	27	0	0	0	1	0	0	0	0	0	0	0	0	115.3	18	0	0	8.1	2	6	0	0	8	0	0	0	11	6	8.5	0	0	0	71	0	12	0	47	10	0	4	0	94	0	3	0	0	0	41	0	20	8	0	0	3	9	13	0	0	4	0	0	0	11	102	0	0	0	16	0	13	0	14	13	0	5	2	33	19	0	10	0	20	0	0	0	0	0	0	0	4	0	0	3	0	0	0	0	185.6	0	16	0	0	0	0	5	0	0	11	0	75	26	0	0	9	0	8	9.5	0	3.3	0	8	0	0	0	1	2	0	7	0	56	0	5	0
1972	0	0	0	2	0	107.6	0	0	0	0	0	0	0	4	0	2	3	0	5	0	0	0	8	1	0	0	0	6	1	19	8	3	8	2	0	0	8	188.5	0	0	4	9	3	3	0	3	5	0	0	1.5	0	80	2	0	0	0	0	61	11	3	0	0	133	0	0	0	0	0	3	202	1	0	0	2	0	3	4	3	0	6.5	0	0	1	2	0	0	0	89	0	0	2	0	0	0	0	0	1	19.5	0	17.5	0	0	0	0	42	1.5	0	0	6	0	0	0	3	1.5	14	0	0	0	0	0	0	0	1	3	269	0	1	10	0	0	32	0	0	0	12	3	2	2	2	9	0	0	3	47	0	253	5	9	3	9	288	151	0	0	0	0	0	0	0	51.1	0	0	58	0	0	0	0	255	3	29	18	4	39	68	0	107	0	0	6	2	180	1	0	12	4	0	0	0	9	10	1	0	0	0	72.1	244.5	0	0	0	0	0	0	17	0	0	0	0	3	0	0	0	0	9	0	0	58	4	18	0	0	0	6	17	28	44	46	0	0	2	0	0	0	20	0	0	4	0	0	21	4	72.3	0	0	0	0	0	0	0	0	0	17	112.6	8	14	27	0	0	0	1	0	0	0	0	0	0	0	0	115.3	18	0	0	8.1	2	6	0	0	8	0	0	0	11	6	8.5	0	0	0	71	0	12	0	47	11	23	4	0	94	0	3	0	0	0	41	0	20	8	0	0	3	9	13	0	0	4	0	0	0	11	102	0	0	0	16	0	13	0	14	13	0	5	2	45	19	0	10	0	20	0	0	0	0	0	0	0	4	0	0	3	0	0	0	0	185.6	0	16	0	0	0	0	7	0	0	11	0	75	26	0	0	9	0	8	9.5	0	3.3	0	8	0	0	0	1	2	0	7	0	56	0	5	0
1973	0	0	0	2	0	107.6	0	0	0	0	0	0	0	4	0	2	6	0	5	0	0	0	8	7	0	0	0	6	1	19	8	3	8	2	0	0	8	188.5	0	0	4	9	10	19	0	3	5	0	0	1.5	0	81	2	0	0	0	0	63	11	3	0	0	133	0	0	0	0	0	3	228	1	0	0	2	0	3	4	3	0	6.5	0	0	1	2	0	0	0	144	0	0	2	0	0	0	0	0	1	19.5	0	17.5	0	0	0	0	89	1.5	0	0	6	5	0	0	3	1.5	14	0	0	0	0	1	0	0	1	3	269	0	1	10	0	0	32	0	0	0	12	3	2	2	2	10	0	0	3	47	0	253	5	9	3	13	359	163	0	0	0	14	0	0	0	51.1	0	0	67	0	0	0	0	255	3	29	18	4	39	68	0	107	0	0	6	2	180	1	0	12	4	0	0	0	9	10	1	0	0	0	72.1	244.5	0	0	0	0	0	0	17	0	0	0	0	3	0	0	0	0	9	0	0	58	4	18	0	0	0	6	17	28	44	46	0	0	2	0	0	0	20	0	0	4	0	0	21	4	72.3	0	0	0	0	0	0	0	0	0	17	112.6	8	14	27	0	0	0	1	0	0	0	0	0	0	0	2	115.3	18	0	0	8.1	2	6	0	0	8	0	0	0	11	6	8.5	0	0	0	71	0	12	0	47	11	61	4	0	94	0	3	0	0	0	41	0	20	8	0	0	3	9	13	0	0	4	0	0	0	11	102	0	0	0	16	0	13	0	14	13	0	5	2	97	19	0	10	0	20	0	0	0	0	0	0	0	4	0	0	3	0	0	0	0	185.6	0	16	0	0	0	0	7	0	0	11	0	75	26	0	0	9	0	8	9.5	0	3.3	0	8	0	0	0	1	2	0	7	3	56	0	5	0
1974	0	0	0	2	0	107.6	0	0	0	0	0	0	0	4	0	2	6	0	5	0	0	0	8	11	0	0	0	6	1	19	8	3	8	2	0	0	8	188.5	0	0	4	9	21	51	0	3	5	0	0	1.5	0	81	2	0	0	0	0	115	11	3	0	0	133	0	0	0	0	0	3	248	1	0	0	2	0	3	4	3	0	6.5	0	0	1	2	0	0	0	199	0	0	2	0	0	0	0	0	1	19.5	0	17.5	0	0	0	0	89	1.5	0	0	6	5	0	0	3	1.5	14	0	0	0	0	1	0	0	1	3	270	0	1	10	5	0	32	0	0	0	12	3	2	2	2	10	0	0	3	47	0	253	5	9	3	13	359	175	0	0	0	29	0	0	0	51.1	0	0	77	0	6	0	0	255	3	29	18	4	39	68	0	107	45	0	6	2	180	1	6	12	4	0	0	0	9	10	1	0	0	0	72.1	244.5	0	0	0	0	0	0	17	0	0	0	0	3	0	0	0	0	9	0	0	58	4	18	0	0	0	6	17	28	44	46	0	0	2	0	0	0	20	0	0	4	0	0	21	4	72.3	0	0	0	0	0	0	0	0	0	29	112.6	8	14	27	0	0	0	1	0	0	0	0	0	0	0	40	115.3	18	0	0	8.1	2	6	0	0	8	14	0	0	11	6	8.5	0	0	0	71	0	12	0	47	11	61	4	0	94	0	3	0	0	0	41	0	20	8	0	0	3	9	13	0	0	4	0	0	0	11	102	0	0	0	16	0	13	0	14	13	0	5	2	132	19	0	10	0	20	0	0	0	0	0	0	0	4	0	0	3	0	0	0	0	185.6	0	16	0	0	0	0	7	0	1	11	0	75	26	0	0	9	0	8	9.5	0	3.3	0	8	0	0	1	1	2	0	7	3	56	0	5	0
1975	0	0	0	2	2	107.6	0	0	0	0	0	0	0	4	0	2	6	0	5	0	0	0	8	11	0	0	0	6	1	19	8	3	8	2	0	0	8	188.5	0	0	4	9	45	88	0	3	5	0	0	1.5	0	81	2	0	0	0	0	140	11	3	0	0	133	0	0	0	0	0	3	248	1	0	0	2	0	3	4	3	0	6.5	0	0	1	2	0	0	0	244	0	0	2	0	0	0	0	0	1	19.5	0	17.5	0	0	0	0	89	1.5	0	0	6	5	0	0	3	1.5	14	0	0	0	0	2	0	0	1	3	270	0	1	10	5	0	32	0	0	0	12	3	2	2	2	10	0	0	3	47	0	253	5	9	3	13	359	178	6	0	0	62	0	0	0	51.1	0	0	77	0	7.5	0	0	255	3	29	18	4	39	68	20	107	65	0	6	2	180	1	6	12	4	0	0	0	9	10	1	0	0	0	72.1	244.5	0	0	0	0	0	0	17	0	0	0	0	3	0	0	0	0	9	0.5	0	58	4	18	0	0	0	6	17	28	44	46	0	0	2	0	0	0	25	0	0	8	0	0	21	4	72.3	0	0	0	0	0	0	0	0	0	29	112.6	8	14	27	0	0	0	1	0	0	0	0	0	0	0	104.5	115.3	18	0	0	8.1	2	6	0	0	8	26	0	0	11	6	8.5	0	0	0	71	0	12	0	47	11	61	4	0	94	0	3	0	0	0	41	0	20	8	0	0	3	9	13	0	0	4	0	0	0	11	102	0	0	0	16	0	13	0	14	13	0	5	2	138	19	0	10	0	20	0	0	0	0	0	0	0	4	0	0	3	0	0	0	0	185.6	0	16	0	0	0	0	7	0	9	11	1	75	26	0	0	9	0	8	9.5	0	3.3	0	8	0	0	7.5	1	2	0	7	3	56	0	5	0
1976	0	0	0	2	9	107.6	0	0	0	0	0	0	0	4	0	2	6	0	5	0	0	0	8	11	0	0	0	6	1	19	8	3	8	2	0	0	8	188.5	0	0	4	9	52	91	0	3	5	0	0	1.5	0	83	2	0	0	0	0	171	11	3	0	0	133	0	0	0	0	0	3	248	1	0	0	2	0	3	4	3	0	6.5	0	0	1	2	0	0	0	247	0	0	2	0	0	0	0	0	1	19.5	0	17.5	0	0	0	0	89	1.5	0	0	6	5	0	0	3	1.5	14	0	0	0	0	2	0	0	1	3	270	11	1	10	13	0	32	0	0	0	12	3	2	2	2	10	0	0	3	47	0	253	5	9	3	13	359	178	26	0	0	131	0	0	0	51.1	0	0	77	0	7.5	0	0	255	3	29	18	4	39	68	39	107	114	0	6	2	180	1	26	12	4	0	0	0	9	10	1	0	0	0	72.1	244.5	0	0	0	0	0	0	17	0	0	0	0	3	0	0	0	0	9	0.5	0	58	4	18	0	0	0	6	17	28	44	46	0	0	2	0	0	0	47	0	0	8	0	0	21	4	72.3	0	0	0	0	0	0	0	0	0	29	112.6	8	14	27	0	0	0	1	0	0	0	0	0	0	0	172.5	115.3	18	0	0	8.1	2	6	0	0	8	65	0	0	11	6	8.5	0	0	0	71	0	12	0	47	11	61	4	0	94	0	3	0	0	0	41	0	20	8	0	0	3	9	13	0	0	4	0	0	0	11	102	0	0	0	16	0	13	0	14	14	0	5	2	148	19	0	10	0	20	0	0	0	0	0	0	0	4	0	0	3	0	0	0	0	185.6	0	16	0	0	0	0	7	0	19	11	1	75	26	0	0	9	0	8	9.5	0	3.3	0	8	0	0	8.5	1	2	0	7	3	56	0	5	0
1977	0	0	0	2	31	107.6	0	0	0	0	0	0	0	4	0	2	6	0	5	0	0	0	8	11	0	0	0	6	1	19	8	3	8	2	0	0	8	188.5	0	0	4	9	58	133	0	3	5	0	0	1.5	0	83	2	0	0	0	0	176	11	3	0	0	133	0	0	0	0	0	3	248	1	0	0	2	0	3	4	3	0	6.5	0	0	1	2	0	0	0	258	0	0	2	0	0	0	0	0	1	19.5	0	17.5	0	0	0	0	89	1.5	0	0	6	5	0	0	3	1.5	14	0	0	0	0	2	0	0	1	3	270	31	1	10	25	0	32	0	0	0	12	3	2	2	2	10	0	0	3	47	0	253	5	9	3	13	359	178	44	0	0	171	0	0	0	51.1	0	0	77	0	8.5	0	0	255	3	29	18	4	39	68	64	107	169	0	6	2	180	1	35	12	4	0	0	0	9	10	1	0	0	0	72.1	244.5	0	0	0	0	0	0	17	0	0	0	0	3	0	0	0	0	9	0.5	0	58	4	18	0	0	0	6	17	28	44	46	0	0	2	0	0	0	94	0	0	8	0	0	21	4	72.3	0	0	0	0	0	0	0	0	0	29	112.6	8	14	27	0	0	0	1	0	0	0	0	0	0	0	244.5	115.3	18	0	0	8.1	2	6	0	0	8	85	0	5	11	6	8.5	0	0	0	71	0	12	0	47	11	61	4	0	94	0	3	0	0	0	41	0	20	8	0	0	3	9	13	0	1	4	0	0	1	11	102	0	0	0	16	0	13	0	14	14	0	5	2	155	19	0	10	0	20	0	0	0	0	0	0	0	4	0	0	3	0	0	0	0	185.6	0	16	0	0	0	0	7	0	19	11	1	75	26	0	0	9	0	8	9.5	0	3.3	0	8	0	0	14.5	1	2	0	7	3	56	0	5	0
1978	0	0	0	2	42	107.6	0	0	0	0	0	0	0	4	0	2	6	0	5	0	0	0	8	11	0	0	0	6	1	19	8	3	8	2	0	0	8	188.5	0	0	4	9	58	181	0	3	5	0	0	1.5	0	83	2	0	0	0	0	180	11	3	0	0	133	0	0	0	0	0	3	248	1	1	0	2	7	3	4	3	0	6.5	0	0	1	2	0	0	0	275	0	0	2	0	0	0	0	0	1	19.5	0	17.5	0	0	0	0	89	1.5	0	0	6	5	0	0	3	1.5	14	0	0	0	0	2	17	0	1	3	270	31	1	10	27	0	32	1	0	0	12	3	2	2	2	10	0	0	3	47	0	253	5	9	3	13	359	178	63	0	0	179	0	0	0	51.1	0	0	77	3	8.5	0	0	255	3	29	18	4	39	68	64	107	193	0	6	2	180	1	60	12	4	0	0	0	9	10	1	0	0	0	72.1	244.5	0	0	0	0	0	0	17	0	0	0	0	3	0	0	0	0	9	0.5	0	58	4	18	0	0	0	6	17	28	44	46	0	0	2	0	0	0	158	0	0	8	0	0	21	4	72.3	0	0	0	0	0	0	0	0	0	29	112.6	8	14	27	0	0	0	1	0	0	0	0	0	0	0	288.5	115.3	18	0	0	8.1	2	6	0	0	8	119	0	13	11	6	8.5	0	0	0	71	0	12	0	47	11	61	4	0	94	0	3	0	0	0	41	0	20	8	0	0	3	9	13	0	1	4	0	0	12	11	102	0	0	0	16	0	13	0	14	14	0	5	2	206	19	0	10	0	20	0	0	0	0	0	0	0	4	0	0	3	0	0	0	0	185.6	0	16	0	0	0	0	7	0	19	11	1	75	26	0	0	9	0	8	9.5	0	3.3	0	8	0	0	15.5	1	2	0	7	3	56	0	5	0
1979	0	0	0	2	82	107.6	0	0	0	0	0	0	0	4	0	2	6	0	5	0	0	0	8	11	0	0	0	6	1	19	8	3	8	2	0	0	8	188.5	0	0	4	9	58	201	0	3	5	0	0	1.5	0	83	2	0	0	0	0	209	11	3	0	0	133	0	0	0	0	0	3	248	1	1	0	2	21	3	4	3	0	6.5	0	0	1	2	3	0	0	276	0	0	2	0	0	0	0	0	1	19.5	0	17.5	0	0	0	0	89	1.5	0	0	6	5	0	0	3	1.5	14	0	0	0	0	2	64	0	1	3	270	31	1	10	29	0	32	1	0	0	12	3	2	2	2	10	0	0	3	47	0	253	5	9	3	13	359	181	99	0	0	179	0	0	0	51.1	0	0	77	12	22.5	0	0	255	3	29	18	4	39	68	67	107	244	0	6	2	180	1	75	12	4	0	0	0	9	10	1	0	0	0	72.1	244.5	0	0	0	0	0	0	17	0	0	0	0	3	0	0	0	0	9	0.5	0	58	4	18	0	0	0	6	17	28	44	46	0	0	2	0	0	0	172	0	0	8	0	0	21	4	72.3	0	0	0	0	0	0	0	0	0	29	112.6	8	14	27	0	0	3	1	0	0	0	0	0	0	0	292.5	115.3	18	0	0	8.1	2	6	0	0	8	139	0	13	11	6	8.5	0	0	0	71	0	12	0	47	11	61	4	0	94	0	3	0	0	0	41	0	20	8	0	0	3	9	13	17	1	4	0	0	14	11	102	0	0	0	16	0	13	0	14	14	0	5	2	206	19	0	10	0	20	0	0	0	0	0	0	0	4	0	0	3	0	0	0	0	185.6	0	16	0	0	0	0	7	0	19	11	1	75	26	0	0	9	0	8	9.5	0	3.3	0	8	0	0	15.5	1	2	0	7	3	56	0	5	0
1980	0	0	5	2	149	107.6	0	0	0	0	0	0	0	4	0	2	6	0	5	0	0	0	8	11	0	0	0	6	1	19	8	3	8	2	0	0	8	188.5	4	0	4	9	58	243	0	3	5	0	0	1.5	0	83	2	0	0	0	0	209	11	3	0	0	133	0	0	0	0	0	3	248	1	7	0	2	53	3	4	3	0	6.5	0	0	1	2	16	0	0	281	0	0	2	0	0	0	0	0	1	19.5	0	17.5	0	0	0	0	89	1.5	0	0	6	5	0	0	3	1.5	14	0	0	0	0	2	70	0	1	3	270	31	1	10	29	0	32	2	0	0	12	3	2	2	2	10	0	0	3	47	0	253	5	9	3	13	359	181	133	0	0	179	0	0	0	51.1	0	0	77	21	28.5	0	0	255	3	29	18	4	39	68	71	107	246	0	6	2	180	1	81	12	4	0	0	0	9	10	1	0	0	0	72.1	244.5	0	0	0	0	0	0	17	0	0	0	6	3	0	0	0	0	9	0.5	0	58	4	18	0	0	0	6	17	28	44	46	0	0	2	0	0	0	173	0	0	8	0	0	21	4	72.3	0	0	0	0	0	0	0	0	0	29	112.6	8	14	27	0	0	57	1	0	0	0	0	0	0	0	292.5	115.3	18	0	0	8.1	2	6	0	0	8	139	0	13	11	6	8.5	0	0	0	71	0	12	0	47	11	61	4	0	94	0	3	0	0	0	41	0	20	8	0	0	3	9	13	46	1	4	0	0	21	11	102	0	0	0	16	0	13	0	14	14	0	5	2	206	19	0	10	0	20	0	0	0	0	0	0	0	4	0	0	3	0	0	0	0	185.6	0	16	0	0	0	0	7	0	19	11	1	75	26	0	0	9	0	8	9.5	0	3.3	0	8	0	0	15.5	1	2	0	7	3	56	0	5	0
1981	0	0	48	2	195	107.6	0	0	0	0	0	0	0	4	0	2	6	1	5	0	0	0	8	11	0	0	0	6	1	19	8	3	8	2	0	0	8	188.5	11	0	4	9	58	292	0	3	5	0	0	1.5	0	83	2	0	0	0	0	209	11	3	0	0	133	0	0	0	0	0	3	248	1	7	0	2	62	3	4	3	0	6.5	10	0	1	2	30	1	0	281	0	0	2	0	0	0	0	0	1	19.5	0	17.5	0	0	0	0	89	1.5	0	0	6	5	0	0	3	1.5	14	0	0	0	0	2	95	0	1	3	270	31	1	10	29	0	32	13	0	0	12	3	2	2	2	10	0	0	3	47	0	253	5	9	3	13	359	181	177	0	0	179	0	0	0	51.1	0	0	77	21	28.5	0	0	255	3	29	18	4	39	68	71	107	246	0	6	2	180	1	108	12	4	0	0	0	9	10	1	0	0	0	72.1	244.5	0	0	0	0	0	0	17	0	0	0	6	3	0	0	0	0	9	0.5	0	58	4	18	0	0	0	6	17	28	44	46	0	0	2	0	4	0	176	0	0	8	0	0	21	4	72.3	0	0	0	0	0	0	0	0	0	29	112.6	8	14	27	0	0	107	1	0	0	0	0	0	0	8	292.5	115.3	18	0	0	8.1	2	6	0	0	8	139	0	14	11	6	8.5	0	0	0	71	0	12	0	47	11	61	4	0	94	0	3	0	0	0	41	0	20	8	0	0	3	9	13	57	1	4	0	0	31	11	102	0	0	0	16	0	13	0	14	14	0	5	2	206	19	0	10	0	20	0	0	0	0	0	0	0	4	0	0	3	1	0	0	0	185.6	0	16	0	0	0	0	7	0	19	11	1	75	26	0	0	9	0	8	9.5	0	3.3	0	8	0	0	15.5	1	2	0	7	3	56	0	5	0
1982	0	0	82	2	195	107.6	0	0	0	0	0	0	0	4	0	2	6	6	5	0	0	0	8	11	0	0	0	6	1	19	8	3	8	2	0	0	8	188.5	13	0	4	9	58	298	0	3	5	0	0	1.5	1	83	2	0	0	0	0	209	11	3	0	0	133	0	0	0	0	0	3	248	1	15	0	2	101	3	4	3	0	6.5	25	0	1	2	53	3	0	281	0	0	2	0	0	0	0	0	1	19.5	0	17.5	0	0	0	0	89	1.5	0	0	6	5	0	0	3	1.5	14	0	0	0	0	2	101	0	1	3	270	31	1	10	29	0	32	13	0	0	12	3	2	2	2	10	0	0	3	47	0	253	5	9	3	13	359	181	182	0	0	179	0	0	0	51.1	0	0	77	21	31.5	0	0	255	3	29	18	4	39	68	71	107	246	0	6	2	180	1	147	12	4	0	0	0	9	10	1	0	0	0	72.1	244.5	0	0	0	0	0	0	17	0	0	0	50	3	0	0	0	0	9	0.5	0	58	4	18	0	0	0	6	17	28	44	46	0	2	2	0	7	0	180	0	0	8	0	0	21	4	72.3	0	2	0	0	0	0	25	0	0	29	112.6	8	14	27	0	0	127	1	0	0	0	0	0	0	15	322.5	115.3	18	0	0	8.1	2	6	0	0	8	139	0	39	11	6	8.5	0	0	0	71	0	12	0	47	11	61	4	0	94	0	3	0	0	0	41	0	20	8	0	0	3	9	13	85	1	4	0	0	52	11	102	0	0	0	16	0	13	0	14	14	0	5	2	206	19	0	10	0	20	0	0	0	0	0	0	0	4	0	0	3	1	0	0	0	185.6	0	16	0	0	0	0	7	0	19	11	1	75	26	0	0	9	0	8	9.5	0	3.3	0	8	0	0	15.5	1	2	0	7	3	56	0	5	0
1983	0	0	139	2	195	107.6	0	0	0	0	0	0	0	4	0	2	6	21	5	0	0	0	8	11	0	0	0	6	1	19	8	3	8	2	0	0	8	188.5	14	0	4	9	58	298	0	3	5	0	0	1.5	1	83	2	0	0	0	0	209	11	3	0	0	133	0	0	2	0	0	3	248	1	15	9	2	101	3	4	3	0	6.5	47	0	1	2	55	3	0	281	0	0	2	0	0	0	0	0	1	19.5	0	17.5	0	0	0	0	89	1.5	0	0	6	5	0	0	3	1.5	14	0	0	0	0	2	101	0	1	3	270	31	1	10	29	0	32	13	0	0	12	3	2	2	2	10	0	0	3	47	0	253	5	9	3	13	359	181	193	0	0	179	0	0	0	51.1	0	0	77	21	31.5	0	0	255	3	29	18	4	39	68	71	107	246	0	6	2	180	1	169	12	4	1	0	0	9	10	1	0	0	0	72.1	244.5	0	0	0	0	0	0	17	0	0	0	77	3	0	0	0	0	9	0.5	0	58	4	18	0	0	0	6	17	28	44	46	0	2	2	0	11	0	180	0	0	8	0	0	21	4	72.3	0	5	0	0	0	0	35	0	0	29	112.6	8	14	27	0	0	186	1	0	0	0	0	0	0	25	334.5	115.3	18	0	0	8.1	2	6	0	0	8	139	0	79	11	6	8.5	0	0	0	71	0	12	0	47	11	61	4	0	94	0	3	0	0	0	41	0	20	8	0	0	3	9	13	134	1	4	0	0	65	11	102	0	0	0	16	0	13	0	14	14	0	5	2	206	19	0	10	0	20	0	0	0	0	0	0	0	4	0	0	3	1	0	0	0	185.6	0	16	0	0	0	0	7	0	19	11	1	75	26	0	0	9	0	8	9.5	0	3.3	0	8	0	0	15.5	1	2	0	7	3	56	0	5	0
1984	0	0	210.5	2	195	107.6	0	0	0	0	0	0	0	4	0	2	6	24	5	0	0	0	8	11	13	0	0	6	1	19	8	3	8	2	0	0	8	188.5	14	0	4	9	58	298	0	3	5	0	0	1.5	1	83	2	0	0	0	0	209	11	3	0	0	133	0	0	2	0	0	3	248	1	15	32	2	101	3	4	3	0	6.5	50	0	1	2	89	3	0	281	0	0	2	0	0	0	0	0	1	19.5	0	17.5	0	0	0	0	89	1.5	0	0	6	5	0	0	3	1.5	14	0	0	0	0	2	101	0	1	3	270	31	1	10	29	0	32	13	0	0	12	3	2	2	2	10	0	0	3	47	0	253	5	9	3	13	359	181	198	0	0	179	0	0	0	51.1	0	0	77	21	31.5	0	0	255	3	29	18	4	39	68	71	107	246	0	6	2	180	1	169	12	4	1	0	0	9	10	1	0	0	0	72.1	244.5	0	0	0	0	0	0	17	0	0	0	97.5	3	0	0	0	0	9	0.5	0	58	4	18	0	0	0	6	17	28	44	46	0	2	2	0	12	0	180	0	0	8	0	0	21	4	72.3	0	5	0	0	0	0	65.5	0	0	29	112.6	8	14	27	0	0	215	1	0	0	0	0	0	0	38	406.5	115.3	18	0	0	8.1	2	6	0	0	8	139	0	90	11	6	8.5	0	0	0	71	0	12	0	47	11	61	4	0	94	0	3	0	2	0	41	0	20	8	0	0	3	9	13	161	1	4	0	0	73	11	102	0	0	0	16	0	13	0	14	14	0	5	2	206	19	0	10	0	20	0	0	0	0	0	0	0	4	0	0	3	1	0	3	0	185.6	0	16	0	9	5	0	7	0	19	11	1	75	26	0	0	9	0	8	9.5	0	3.3	0	8	0	0	15.5	1	2	0	7	3	56	0	5	0
1985	0	0	283.5	2	195	107.6	0	0	0	0	0	0	0	4	0	2	6	27	5	0	0	0	8	11	51	0	0	6	1	19	8	3	8	2	0	0	8	188.5	14	0	4	9	58	298	0	3	5	0	0	1.5	1	83	2	0	0	0	0	209	11	3	0	0	133	0	0	2	0	0	3	248	1	15	37	2	101	3	4	3	0	6.5	50	0	1	2	122	3	0	281	0	0	2	0	0	0	0	0	1	19.5	0	17.5	0	0	0	0	89	1.5	0	0	6	5	0	3	3	1.5	14	0	0	0	0	2	101	0	1	3	270	31	1	10	29	0	32	13	0	0	12	3	2	2	2	10	0	0	3	47	3	253	5	9	3	13	359	181	214	0	0	179	0	0	0	51.1	0	0	77	21	31.5	0	0	255	3	29	18	4	39	68	71	107	246	0	6	2	180	1	169	12	4	1	0	0	9	10	1	0	0	0	72.1	244.5	0	0	0	0	0	0	17	0	0	0	137.5	3	0	0	0	0	9	0.5	0	58	4	18	0	0	0	6	17	28	44	46	0	2	2	0	17	0	180	0	0	8	0	0	21	4	72.3	0	5	0	0	0	0	118.5	0	0	29	112.6	8	14	27	0	0	236	1	0	0	0	0	0	0	69	420.5	115.3	18	0	0	8.1	2	6	0	0	8	139	0	101	11	6	8.5	0	0	0	71	0	12	0	47	11	61	4	0	94	0	3	4	2	0	41	0	20	8	0	0	3	9	13	164	1	4	0	0	73	11	102	0	0	0	16	0	13	0	14	14	0	5	2	206	19	0	10	0	20	0	0	0	0	0	0	0	4	0	0	3	1	4	29	0	185.6	0	16	0	9	16	0	7	0	19	11	1	75	26	0	0	9	0	8	9.5	0	3.3	0	8	0	0	15.5	1	2	0	7	3	56	0	5	0
1986	0	0	355.5	2	199	107.6	0	0	0	0	0	0	0	4	0	2	6	27	5	0	0	0	8	11	106	0	0	6	1	19	8	3	8	2	0	0	8	188.5	14	0	4	9	58	298	0	3	5	0	0	1.5	1	83	2	1	0	0	0	209	11	3	0	0	133	0	0	2	0	0	3	248	1	15	37	2	101	3	4	3	0	6.5	50	0	1	2	122	3	0	281	0	0	2	0	0	0	0	0	1	19.5	0	17.5	0	0	0	0	89	1.5	0	0	6	5	0	20	3	1.5	14	0	0	0	0	2	101	0	1	3	270	31	1	10	29	0	32	13	0	0	12	3	2	2	2	10	0	0	3	47	3	253	5	9	3	13	359	181	228	0	0	179	0	0	0	51.1	0	0	77	21	31.5	0	0	255	3	29	18	4	39	68	71	107	246	0	6	2	180	1	169	12	4	1	3	0	9	10	1	0	0	0	72.1	244.5	0	0	0	0	0	0	17	0	0	0	159.5	3	0	0	0	0	9	0.5	0	58	4	18	0	0	0	6	17	28	44	46	0	2	2	0	17	0	180	0	0	8	0	8	21	4	72.3	0	5	0	0	0	0	132.5	0	0	29	112.6	8	14	27	0	0	305	1	0	0	0	0	0	0	139	420.5	115.3	18	0	0	8.1	2	6	0	0	8	139	0	103	11	6	8.5	0	0	0	71	0	12	0	47	11	61	4	0	94	1	3	7	2	0	41	0	20	8	0	0	3	9	13	178	1	4	0	0	75	11	102	0	0	0	16	0	13	0	14	14	0	5	2	206	19	0	10	0	20	0	0	0	0	0	0	0	4	0	0	3	1	4	52	0	185.6	0	16	0	11	16	0	7	0	19	11	1	75	26	0	0	9	0	8	9.5	0	3.3	0	8	0	0	15.5	1	2	0	7	3	56	0	5	0
1987	0	0	401.5	2	199	107.6	0	0	0	0	0	0	0	4	0	2	6	31	5	0	0	0	8	11	163	0	0	6	1	19	8	3	8	2	0	0	8	188.5	14	0	4	9	58	298	0	3	5	0	0	1.5	1	83	2	1	0	0	0	209	11	3	0	0	133	0	0	2	0	0	3	248	1	15	40	2	101	3	4	3	0	6.5	58	0	1	2	122	3	0	281	0	0	2	0	0	0	0	0	1	19.5	0	17.5	0	0	0	0	89	1.5	0	0	6	5	0	56	3	1.5	14	0	0	0	0	2	101	0	1	3	270	31	1	10	29	0	32	13	0	0	12	3	2	2	2	10	0	0	3	47	4	253	5	9	3	13	359	181	228	0	0	179	0	0	0	51.1	0	0	77	21	31.5	0	0	255	3	29	18	4	39	68	71	107	246	0	6	2	180	1	169	12	4	1	3	0	9	10	1	0	7	0	72.1	244.5	0	0	0	0	0	0	17	0	0	0	159.5	3	0	0	0	0	9	0.5	0	58	4	18	0	0	0	6	17	28	44	46	0	2	2	0	17	0	180	0	0	8	0	10	21	4	72.3	0	5	0	0	0	0	149.5	0	0	29	112.6	8	14	27	0	0	378	1	0	0	0	0	0	0	200	420.5	115.3	18	0	0	8.1	2	6	0	0	8	139	0	103	11	6	8.5	0	0	0	71	0	12	0	47	11	61	4	0	94	4	3	11	2	0	41	0	20	8	0	0	3	9	13	179	1	4	0	0	81	11	102	0	0	0	16	0	13	1	14	14	0	5	2	206	19	0	10	0	20	0	7	0	0	0	0	0	4	0	0	3	1	4	82	0	185.6	0	16	0	23	32	0	7	0	19	11	1	75	26	0	0	9	0	8	9.5	0	3.3	0	8	0	0	15.5	1	2	0	7	3	56	0	5	0
1988	0	0	488.5	2	199	107.6	12	0	0	0	0	0	0	4	0	2	6	34	5	0	0	0	8	11	253	0	0	6	1	19	8	3	8	2	0	0	8	188.5	14	0	4	9	58	298	0	3	5	0	0	1.5	1	83	2	1	0	0	0	209	11	3	0	0	133	0	0	2	0	0	3	248	1	15	57	2	101	3	4	3	0	6.5	64	0	1	2	122	3	0	281	0	0	2	0	0	0	0	0	1	19.5	0	17.5	0	0	0	0	89	1.5	0	0	6	5	0	97	3	1.5	14	0	0	0	0	2	101	0	1	3	270	31	1	10	29	0	32	13	0	0	12	3	2	2	2	10	0	0	3	47	21	253	5	9	3	13	359	181	228	0	0	179	0	0	0	51.1	0	0	77	21	31.5	0	0	255	3	29	18	4	39	68	71	107	246	0	6	2	180	1	169	12	4	1	3	0	9	10	1	0	12	0	72.1	244.5	0	0	0	0	0	0	17	0	0	0	159.5	3	0	0	0	0	9	0.5	0	58	4	18	0	0	0	6	17	28	44	46	0	2	2	0	17	0	180	0	0	8	0	10	21	4	72.3	5	5	0	0	0	0	173.5	0	0	29	112.6	8	14	27	0	0	400	1	0	0	0	0	0	0	212	420.5	115.3	18	0	0	8.1	2	6	0	0	8	139	0	103	11	6	8.5	0	0	0	71	0	12	0	47	11	61	4	0	94	4	3	11	2	1	41	0	20	8	0	0	3	9	13	179	1	4	0	0	89	11	102	0	0	0	16	0	13	1	14	14	0	5	2	206	19	0	10	0	20	0	8	0	0	0	0	0	4	0	0	3	1	4	82	0	185.6	0	16	0	23	59	0	7	0	19	11	1	75	26	0	0	9	0	8	9.5	0	3.3	0	8	0	0	15.5	1	2	0	7	3	56	0	5	0
1989	0	0	564.5	2	199	107.6	44	0	4	0	0	0	0	4	0	2	6	38	5	0	0	0	8	11	313	0	0	6	1	19	8	3	8	2	0	0	8	188.5	14	0	4	9	58	298	0	3	5	0	0	1.5	1	83	2	4	0	0	0	209	11	3	0	0	133	0	0	2	0	0	3	248	1	15	64	2	101	3	4	3	0	6.5	70	0	1	2	122	3	2	281	0	0	2	0	0	0	0	0	1	19.5	0	17.5	0	0	0	0	89	1.5	1	0	6	5	0	118	3	1.5	14	0	0	0	0	2	101	0	1	3	270	31	1	10	29	0	32	13	0	0	12	3	2	2	2	10	0	0	3	47	21	253	5	9	3	13	359	181	228	0	0	179	0	0	8	51.1	0	0	77	21	31.5	0	0	255	3	29	18	4	39	68	71	107	246	0	6	2	180	1	169	12	4	1	3	5	9	10	1	0	14	0	72.1	244.5	0	0	0	0	0	0	17	0	0	0	159.5	3	0	0	0	0	9	0.5	0	58	4	18	0	0	0	6	17	28	44	46	1	2	2	0	17	0	180	0	0	8	0	14	21	4	72.3	9	5	0	0	0	0	179.5	0	0	29	112.6	8	14	27	0	0	412	1	0	0	0	0	0	0	250	420.5	115.3	18	1	0	8.1	2	6	0	0	8	139	0	103	11	6	8.5	0	0	0	71	0	12	0	47	11	61	4	0	94	5	3	11	2	6	41	0	20	8	0	0	3	9	13	181	1	4	0	0	129	11	102	0	0	0	16	0	13	1	14	14	0	5	2	206	19	0	10	0	20	0	11	0	0	0	0	0	4	0	0	3	1	4	88	4	185.6	0	16	0	23	96	0	7	0	19	11	1	75	26	0	0	9	0	8	9.5	0	3.3	0	8	0	0	15.5	1	2	0	7	3	56	0	5	0
1990	0	6	635.5	2	199	107.6	65	0	6	0	0	0	0	4	0	2	6	38	5	0	0	0	8	11	391	0	0	6	1	19	8	3	8	2	0	0	8	188.5	14	0	4	9	58	298	0	3	5	0	0	1.5	1	83	2	4	0	0	0	209	11	3	0	0	133	0	0	2	0	0	3	248	1	15	67	2	101	3	4	3	0	6.5	70	0	1	2	122	3	2	281	0	5	2	0	0	0	0	0	1	19.5	0	17.5	0	0	0	0	89	1.5	1	0	6	5	0	161	3	1.5	14	0	0	0	0	2	101	0	1	3	270	31	1	10	29	0	32	13	0	0	12	3	2	2	2	10	0	0	3	47	27	253	5	9	3	13	359	181	228	0	0	179	0	0	21	51.1	0	0	77	21	31.5	0	0	255	3	29	18	4	39	68	71	107	246	0	6	2	180	1	169	12	4	1	3	5	9	10	1	0	14	0	72.1	244.5	0	0	0	0	0	0	17	0	0	0	159.5	3	0	0	0	0	9	0.5	0	58	4	18	0	0	0	6	17	28	44	46	1	2	2	0	17	0	180	0	0	8	0	14	21	4	72.3	10	5	0	0	0	0	179.5	0	0	29	112.6	8	14	27	0	0	455	1	0	0	0	0	0	0	287	420.5	115.3	18	1	0	8.1	2	6	0	0	8	139	0	103	11	6	8.5	0	0	0	71	0	12	0	47	11	61	4	0	94	5	3	11	2	6	41	0	20	8	0	0	3	9	13	181	1	4	0	0	152	11	102	0	0	0	16	0	13	7	14	14	0	5	2	206	19	0	10	0	20	0	14	0	0	0	0	0	4	0	0	3	1	4	88	6	185.6	0	16	0	23	130	0	7	0	19	11	1	75	26	0	0	9	0	8	9.5	0	3.3	0	8	0	0	15.5	1	2	0	7	3	56	0	5	0
1991	0	7	669.5	2	199	107.6	65	0	6	0	0	0	0	4	0	2	6	47	5	0	0	0	8	11	487	0	4	6	1	19	8	3	8	2	0	0	8	188.5	14	0	4	9	58	298	0	3	5	0	0	1.5	1	83	2	4	0	0	0	209	11	3	0	0	133	0	0	2	0	0	3	248	1	15	67	2	101	3	4	3	0	6.5	70	0	1	2	122	3	3	281	0	6	2	0	0	0	0	0	1	19.5	0	17.5	0	0	0	0	89	1.5	1	0	6	5	0	204	3	1.5	14	0	0	0.5	0	2	101	0	1	3	270	31	1	10	29	0	32	13	0	0	12	3	2	2	2	10	0	0	3	47	28	253	5	9	3	13	359	181	228	0	0	179	0	0	42	51.1	0	0	77	21	31.5	0	0	255	3	29	18	4	39	68	71	107	246	0	6	2	180	1	169	12	4	1	3	5	9	10	1	0	14	0	72.1	244.5	0	0	1	0	4	0	17	0	0	0	159.5	3	0	0	0	0	9	0.5	0	58	4	18	0	0	0	6	17	28	44	46	1	2	2	0	17	0	180	0	1	8	0	16	21	4	72.3	10	5	0	0	0	4	179.5	2	0	29	112.6	8	14	27	0	0	481.5	1	0	0	0	0	0	0	359	420.5	115.3	18	1	0	8.1	2	6	0	0	8	139	0	103	11	6	8.5	0	0	0	71	0	12	0	47	11	61	4	0	94	5	3	11	2	12	41	0	20	8	0	0	3	9	13	181	1	4	0	0	205	11	102	0	0	0	16	0	13	15	14	14	0	5	2	206	19	0	10	0	20	0	16	0	0	0	0	0	4	0	0	3	1	4	88	16	185.6	0	16	0	23	130	0	7	0	19	11	1	75	26	0	0	9	0	8	9.5	0	3.3	0	8	0	0	15.5	1	2	0	7	3	56	0	5	0
1992	0	7	669.5	2	199	107.6	65	0	6	0	0	0	0	4	0	2	6	55	5	0	0	0	8	11	537	0	5	6	1	19	8	3	8	2	0	0	8	188.5	14	0	4	9	58	298	0	3	5	0	0	1.5	1	83	2	4	1	0	0	209	11	3	0	0	133	0	0	2	0	0	3	248	1	15	67	2	101	3	4	3	0	6.5	70	0	1	2	122	3	3	281	0	6	2	4	0	0	0	0	1	19.5	0	17.5	0	0	0	0	89	1.5	1	0	6	5	0	253	3	1.5	14	0	0	0.5	0	2	101	0	1	3	270	31	1	10	29	0	32	13	0	0	12	3	2	2	2	10	0	0	3	47	31	253	5	9	3	13	359	181	228	0	0	179	0	0	60	51.1	0	0	77	21	31.5	0	0	255	3	29	18	4	39	68	71	107	246	0	6	2	180	1	169	12	4	1	3	7	9	10	1	0	14	0	72.1	244.5	0	0	1	0	4	0	17	3	0	0	159.5	3	0	0	0	0	9	0.5	0	58	4	18	0	0	0	6	17	28	44	46	1	2	2	0	17	0	180	0	1	8	0	54	21	4	72.3	10	5	0	0	0	57	185.5	13	0	29	112.6	8	14	27	0	0	481.5	1	0	0	0	0	0	0	467	420.5	115.3	18	1	0	8.1	2	6	0	0	8	139	0	103	11	6	8.5	0	0	0	71	0	12	0	47	11	61	4	0	94	5	3	11	2	14	41	0	20	8	0	0	3	9	13	181	1	4	0	0	261	11	102	0	0	0	16	0	13	15	14	14	0	5	2	206	19	0	10	0	20	0	16	0	0	0	0	0	4	0	0	3	1	4	88	17	185.6	0	16	0	23	132	0	7	0	19	11	1	75	26	0	0	9	0	8	9.5	0	3.3	0	8	0	0	15.5	1	2	0	7	3	56	0	5	0
1993	0	7	768.5	2	199	107.6	65	1	6	0	0	0	0	4	0	2	6	55	5	0	0	0	8	11	610	0	5	6	1	19	8	3	8	2	0	0	8	188.5	14	0	4	9	58	298	0	3	5	0	0	1.5	1	83	2	4	6	0	0	209	11	3	0	69	133	0	0	2	0	0	3	248	1	15	71	2	101	3	4	3	0	6.5	70	1	1	2	122	3	3	281	0	6	2	5	0	0	0	0	1	19.5	2	17.5	0	0	0	0	89	1.5	1	0	6	5	0	265	3	1.5	14	0	0	0.5	0	2	101	0	1	3	270	31	1	10	29	0	32	13	0	0	12	3	2	2	2	10	0	0	3	47	31	253	5	9	3	13	359	181	228	0	0	179	0	0	76	51.1	0	0	77	21	31.5	0	0	255	3	29	18	4	39	68	71	107	246	0	6	2	180	1	169	12	4	1	3	18	9	10	1	0	14	0	72.1	244.5	0	0	1	0	9	0	17	10	0	0	159.5	3	0	0	0	0	9	0.5	0	58	4	18	0	0	0	6	17	28	44	46	1	2	2	0	17	0	180	0	11	8	0	67	21	4	72.3	10	5	0	0	7	109	185.5	17	0	29	112.6	8	14	27	0	0	481.5	1	0	0	0	0	0	0	467	420.5	115.3	18	1	0	8.1	2	6	0	0	8	139	0	103	11	6	8.5	0	0	0	71	0	12	0	47	11	61	4	0	94	7	3	11	2	14	41	0	20	8	0	0	3	9	13	181	1	4	0	0	281	11	102	0	0	0	16	0	13	15	14	14	0	5	2	206	19	2	10	0	20	0	16	0	0	0	0	0	4	0	0	3	1	4	88	17	185.6	0	16	0	23	132	0	7	0	19	11	1	75	26	0	0	9	0	8	9.5	0	3.3	0	8	0	0	15.5	1	2	0	7	3	56	0	5	0
1994	0	7	768.5	2	199	107.6	65	1	6	0	0	0	0	4	0	2	6	59	5	0	0	0	8	11	610	0	5	6	1	19	8	3	8	2	0	0	8	188.5	14	0	4	9	58	298	0	3	5	0	0	1.5	1	83	2	4	12	0	0	209	11	3	0	160	133	0	0	2	14	0	3	248	1	15	71	2	101	3	4	3	0	6.5	70	7	1	2	122	3	3	281	0	10	2	7	0	0	0	0	1	19.5	2	17.5	0	0	0	0	89	1.5	1	0	6	5	0	306	3	1.5	14	0	0	3.5	0	2	101	0	1	3	270	31	1	10	29	0	32	13	0	7	12	3	2	2	2	10	0	0	3	47	31	253	5	9	3	13	359	181	228	0	0	179	0	0	100	51.1	0	0	77	21	31.5	0	0	255	3	29	18	4	39	68	71	107	246	0	6	2	180	1	169	12	4	1	3	18	9	10	1	0	14	10	72.1	244.5	0	0	1	0	10	0	17	14	0	0	159.5	3	0	0	0	0	9	0.5	0	58	4	18	0	0	0	6	17	28	44	46	1	2	2	0	17	0	180	0	19	8	0	83	21	4	72.3	10	5	0	0	7	201	186.5	43	0	29	112.6	8	14	27	0	0	481.5	1	0	0	0	0	6	0	480	420.5	115.3	18	1	9	8.1	2	6	0	0	8	139	0	103	11	6	8.5	0	0	0	71	0	12	0	47	11	61	4	0	94	7	3	11	2	18	41	0	20	8	0	0	3	9	13	181	1	4	0	0	281	11	102	0	0	0	16	0	13	15	14	14	0	5	2	206	19	21	10	0	20	0	16	0	0	0	0	0	4	0	0	3	1	4	88	17	185.6	0	16	0	23	132	0	7	0	19	11	1	75	26	0	0	9	0	8	9.5	5	3.3	0	8	0	0	15.5	1	2	0	7	3	56	0	5	0
1995	0	8	768.5	2	199	107.6	65	1	6	0	0	0	0	4	0	2	6	59	5	0	0	0	8	11	610	0	5	6	1	19	8	3	8	2	0	0	8	188.5	14	0	4	9	58	298	0	3	5	0	0	1.5	1	83	2	4	12	0	0	209	11	3	0	229	133	0	0	2	63	0	3	248	1	15	71	2	101	3	4	3	0	6.5	70	17	1	2	122	3	3	281	0	10	2	7	0	0	0	0	1	19.5	2	17.5	0	0	0	0	89	1.5	1	0	6	5	0	337	3	1.5	14	0	0	8.5	0	2	101	0	1	3	270	31	1	10	29	0	32	13	0	22	12	3	2	2	2	10	0	0	3	47	31	253	5	9	3	13	359	181	228	0	0	179	0	0	142	51.1	3	0	77	21	31.5	0	0	255	3	29	18	4	39	68	71	107	246	0	6	2	180	1	169	12	4	1	3	63	9	10	1	0	14	10	72.1	244.5	0	0	1	0	10	0	17	14	0	0	159.5	3	0	0	0	0	9	0.5	0	58	4	18	0	0	0	6	17	28	44	46	1	2	2	0	17	0	180	0	32	8	0	90	21	4	72.3	10	5	0	0	7	303	186.5	60	5	29	112.6	8	14	27	0	0	481.5	1	0	0	0	0	6	0	480	420.5	115.3	18	1	25	8.1	2	6	0	0	8	139	0	103	11	6	8.5	0	0	1	71	0	12	0	47	11	61	4	0	94	7	3	11	2	18	41	0	20	8	0	0	3	9	13	181	1	4	0	0	281	11	102	0	0	0	16	0	13	15	14	14	0	5	2	206	19	32	10	0	20	0	16	0	0	0	0	0	4	0	0	3	1	4	88	17	185.6	0	16	0	23	132	0	7	0	19	11	1	75	26	0	0	9	0	8	9.5	5	3.3	0	8	0	0	15.5	1	2	0	7	3	56	0	5	0
1996	0	8	768.5	2	199	107.6	65	1	6	0	0	0	0	4	0	2	6	59	5	0	0	0	8	11	610	0	5	6	1	19	8	3	8	2	0	0	8	188.5	14	0	4	9	58	298	0	3	5	0	0	1.5	1	83	2	4	12	0	0	209	11	3	0	326	133	0	0	2	81	0	3	248	1	15	71	2	101	3	4	3	0	6.5	70	28	1	2	122	3	3	281	0	10	2	7	0	0	0	0	1	19.5	2	17.5	0	0	0	0	89	1.5	1	0	6	5	0	358	3	1.5	14	0	0	8.5	0	2	101	0	1	3	270	31	1	10	29	0	32	13	0	29	12	3	2	2	2	10	0	0	3	47	31	253	5	9	3	13	359	181	228	78	0	179	0	0	189	51.1	3	0	77	21	31.5	0	0	255	3	29	18	4	39	68	71	107	246	0	6	2	180	1	169	12	4	1	3	67	9	10	1	0	14	11	72.1	244.5	0	0	1	0	10	0	17	14	0	0	159.5	3	0	0	0	0	9	0.5	0	58	4	18	0	0	0	6	17	28	44	46	1	2	2	0	17	0	180	0	32	8	0	98	21	4	72.3	10	5	0	0	7	362	186.5	91	10	29	112.6	8	14	27	0	0	481.5	1	0	0	0	0	6	0	480	420.5	115.3	18	1	38	8.1	2	6	0	0	8	139	0	103	11	6	8.5	0	2	1	71	0	12	0	47	11	61	4	0	94	7	3	11	2	18	41	0	20	8	0	0	3	9	13	181	1	4	0	0	281	11	102	0	0	0	16	0	13	15	14	14	0	5	2	206	19	46	10	0	20	0	16	0	0	0	0	0	4	0	0	3	1	4	88	17	185.6	0	16	0	23	132	0	7	0	19	11	1	75	26	0	0	9	0	8	9.5	5	3.3	0	8	0	0	15.5	1	2	0	7	3	56	0	5	0
1997	0	8	768.5	2	199	107.6	65	1	6	0	0	0	4	4	0	2	6	59	5	0	0	0	8	11	610	0	5	6	1	19	8	3	8	2	0	0	8	188.5	14	0	4	9	58	298	0	3	5	0	0	1.5	1	83	2	4	12	0	0	209	11	3	0	333	133	0	0	2	117	0	3	248	1	15	71	2	101	3	4	3	0	6.5	70	52	1	2	122	3	3	281	0	10	2	7	0	0	0	0	1	19.5	2	17.5	0	0	0	0	89	1.5	1	0	6	5	0	385	3	1.5	14	20	0	8.5	0	2	101	0	1	3	270	31	1	10	29	0	32	13	0	71	12	3	2	2	2	10	0	0	3	47	31	253	5	9	3	13	359	181	228	159	0	179	0	3	225	51.1	3	0	77	21	31.5	0	0	255	3	29	18	4	39	68	71	107	246	0	6	2	180	1	169	12	4	1	3	82	9	10	1	0	14	11	72.1	244.5	0	0	1	0	10	0	17	14	0	0	159.5	3	0	0	0	0	9	0.5	0	58	4	18	0	0	0	6	17	28	44	46	1	2	2	0	17	0	180	0	32	8	0	98	21	4	72.3	10	5	0	0	7	440	186.5	118	12	29	112.6	8	14	27	0	0	481.5	1	0	0	0	0	7	0	480	420.5	115.3	18	1	54	8.1	2	6	0	0	8	139	0	103	11	6	8.5	0	4	1	71	0	12	0	47	11	61	4	0	94	7	3	11	2	18	41	0	20	8	13	0	3	9	13	181	1	4	0	0	281	11	102	0	0	0	16	0	13	15	14	14	0	5	2	206	19	52	10	0	20	0	16	0	0	0	0	0	4	0	2	3	1	4	88	17	185.6	0	16	0	23	132	0	7	0	19	11	1	75	26	0	0	9	0	8	9.5	5	3.3	0	8	0	0	15.5	1	2	0	7	3	56	0	5	0
1998	0	8	768.5	2	199	107.6	65	1	6	0	0	0	21	4	0	2	6	59	5	0	0	0	8	11	610	0	5	6	1	19	8	3	8	2	0	0	8	188.5	14	0	4	9	58	298	0	3	5	0	0	1.5	1	83	2	4	12	0	0	209	11	3	0	353	133	0	0	2	173	0	3	248	1	15	71	2	101	3	4	3	0	6.5	70	99	1	2	122	3	3	281	0	10	2	7	0	0	0	0	1	19.5	2	17.5	0	0	0	0	89	1.5	1	0	6	5	0	385	3	1.5	14	36	0	8.5	0	2	101	0	1	3	270	31	1	10	29	0	32	13	0	88	12	3	2	2	2	10	0	0	3	47	31	253	5	9	3	13	359	181	228	180	0	179	1	4	234	51.1	3	0	77	21	31.5	0	0	255	3	29	18	4	39	68	71	107	246	0	6	2	180	1	169	12	4	1	3	83	9	10	1	0	14	11	72.1	244.5	0	0	1	0	10	0	17	14	0	0	159.5	3	0	0	0	0	9	0.5	0	58	4	18	0	0	0	6	17	28	44	46	1	2	2	0	17	0	180	0	32	8	0	98	21	4	72.3	10	5	0	0	7	526	186.5	218	15	29	112.6	8	14	27	0	0	481.5	1	0	0	0	0	7	0	480	420.5	115.3	18	1	54	8.1	2	6	0	0	8	139	0	103	11	6	8.5	0	7	1	71	0	12	0	47	11	61	4	0	94	7	3	11	2	18	41	0	20	8	27	0	3	9	13	181	1	4	0	0	281	11	102	0	0	0	16	0	13	15	14	14	0	5	2	206	19	56	10	0	20	0	16	0	0	0	0	0	4	0	2	3	1	4	88	17	185.6	0	16	0	23	132	0	7	0	19	11	1	75	26	0	0	9	0	8	9.5	5	3.3	0	8	0	0	15.5	1	2	0	7	3	56	0	5	0
1999	0	8	768.5	2	199	107.6	65	1	6	0	0	0	24	4	0	2	6	59	5	0	0	0	8	11	610	0	5	6	1	19	8	3	8	2	0	0	8	188.5	14	0	4	9	58	298	0	3	5	0	0	1.5	1	83	2	4	12	0	0	209	11	3	0	360	133	0	0	2	221	0	3	248	1	15	71	2	101	3	4	3	0	6.5	70	173	1	2	122	3	3	281	0	10	2	7	0	0	0	0	1	19.5	2	17.5	0	0	0	0	89	1.5	1	0	6	5	0	385	3	1.5	14	49	0	8.5	0	2	101	0	1	3	270	31	1	10	29	0	32	13	0	142	12	3	2	2	2	10	0	0	3	47	31	253	5	9	3	13	359	181	228	180	0	179	1	11	236	51.1	3	0	77	21	31.5	0	0	255	3	29	18	4	39	68	71	107	246	0	6	2	180	1	169	12	4	1	3	98	9	10	1	0	14	11	72.1	244.5	0	0	1	0	10	0	17	14	0	0	159.5	3	0	0	0	0	9	0.5	0	58	4	18	0	0	0	6	17	28	44	46	1	2	2	1	17	0	180	0	32	8	0	98	21	4	72.3	10	5	0	0	7	570	186.5	294	25	29	112.6	8	14	27	0	0	481.5	1	0	0	0	0	7	0	480	420.5	115.3	18	1	56	8.1	2	6	0	0	8	139	0	103	11	6	8.5	0	10	1	71	1	12	0	47	11	61	4	0	94	7	3	11	2	18	41	0	20	8	62	0	3	9	13	181	1	4	0	0	281	11	102	0	0	0	16	0	13	15	14	14	0	5	2	206	19	77	10	0	20	0	16	0	0	0	0	0	4	0	2	3	1	4	88	17	185.6	0	16	0	23	132	0	7	0	19	11	1	75	26	0	0	9	0	8	9.5	5	3.3	0	8	0	0	15.5	1	2	0	7	3	56	0	5	0
2000	0	8	768.5	2	199	107.6	65	1	6	0	0	0	26	4	0	2	6	59	5	0	0	0	8	11	610	0	5	6	1	19	8	3	8	2	0	0	8	188.5	14	0	4	9	58	298	0	3	5	0	0	1.5	1	83	2	4	12	0	0	209	11	3	0	360	133	0	0	2	294	0	3	248	1	15	71	2	101	3	4	3	0	6.5	70	177	1	2	122	3	3	281	0	10	2	7	0	0	0	0	1	19.5	2	17.5	0	0	0	0	89	1.5	1	0	6	5	0	385	3	1.5	14	67	0	8.5	0	2	101	0	1	3	270	31	1	10	29	0	32	13	0	153	12	3	2	2	2	10	0	0	3	47	31	253	5	9	3	13	359	181	228	197	0	179	1	17	236	51.1	3	0	77	21	31.5	12	0	255	3	29	18	4	39	68	71	107	246	0	6	2	180	1	169	12	4	1	3	98	9	10	1	0	14	16	72.1	244.5	0	0	1	0	10	0	17	14	0	0	159.5	3	0	0	0	0	9	0.5	0	58	4	18	0	0	0	6	17	28	44	46	1	2	2	1	17	0	180	0	32	8	0	98	21	4	72.3	10	5	0	0	7	678	186.5	383	31	29	112.6	8	14	27	0	0	481.5	1	0	0	0	0	7	0	480	420.5	115.3	18	1	56	8.1	2	6	0	0	8	139	0	103	11	6	8.5	0	10	1	71	3	12	0	47	11	61	4	0	94	7	3	11	2	18	41	0	20	8	86	0	3	9	13	181	1	4	0	3	281	11	102	0	0	0	16	0	13	15	14	14	0	5	2	206	19	139	10	0	20	0	16	0	0	0	0	0	4	0	2	3	1	4	88	17	185.6	0	16	0	23	132	0	7	0	19	11	1	75	26	0	0	9	0	8	9.5	5	3.3	0	8	0	0	15.5	1	2	0	7	3	56	0	5	0
2001	0	8	768.5	2	199	107.6	65	1	6	0	0	0	26	4	0	2	6	59	5	0	0	0	8	11	610	0	5	6	1	19	8	3	8	2	0	0	8	188.5	14	0	4	9	58	298	0	3	5	0	0	1.5	1	83	2	4	12	0	0	209	11	3	0	360	133	0	0	2	359	0	3	248	1	15	71	2	101	3	4	3	0	6.5	70	183	1	2	122	3	3	281	0	10	2	7	0	0	0	0	1	19.5	2	17.5	0	0	0	0	89	1.5	1	0	6	5	0	385	3	1.5	14	75	0	8.5	0	2	101	0	1	3	270	31	1	10	29	0	32	13	0	159	12	3	2	2	2	10	0	0	3	47	31	253	5	9	3	13	359	181	228	209	0	179	1	29	241	51.1	3	0	77	21	31.5	14	0	255	3	29	18	4	39	68	71	107	246	0	6	2	180	1	169	12	4	1	3	98	9	10	1	0	14	17	72.1	244.5	31	0	1	0	10	0	17	14	0	0	159.5	3	0	0	0	0	9	0.5	0	58	4	18	0	0	0	6	17	28	44	46	1	2	2	1	17	0	180	0	32	8	0	98	21	4	72.3	10	5	0	0	7	801	186.5	420	31	29	112.6	8	14	27	0	0	481.5	1	0	12	0	0	7	0	480	420.5	115.3	18	1	61	8.1	2	6	0	0	8	139	0	103	11	6	8.5	0	10	1	71	6	12	0	47	11	61	4	0	94	7	3	11	2	18	41	0	20	8	135	0	3	9	13	181	1	4	0	3	281	11	102	0	0	0	16	0	13	15	14	14	0	5	2	206	19	195	10	0	20	0	16	0	0	0	0	0	4	0	2	3	1	4	88	17	185.6	0	16	0	23	132	0	7	0	19	11	1	75	26	0	0	9	0	8	9.5	5	3.3	0	8	0	0	15.5	1	2	0	7	3	56	0	5	0
2002	0	8	768.5	2	199	107.6	65	1	6	0	0	0	26	4	0	2	6	59	5	0	0	0	8	11	610	0	5	6	1	19	8	3	8	2	0	0	8	188.5	14	0	4	9	58	298	0	3	5	0	0	1.5	1	83	2	4	12	0	0	209	11	3	0	360	133	0	0	2	400	0	3	248	1	15	71	2	101	3	4	3	0	6.5	70	191	1	2	122	3	3	281	0	10	2	7	0	0	0	0	1	19.5	2	17.5	4	0	0	0	89	1.5	1	0	6	5	0	385	3	1.5	14	82	0	8.5	0	2	101	0	1	3	270	31	1	10	29	0	32	13	0	161	12	3	2	2	2	10	0	0	3	47	31	253	5	9	3	13	359	181	228	213	0	179	1	38	241	51.1	3	0	77	21	31.5	28	0	255	3	29	18	4	39	68	71	107	246	0	6	2	180	1	169	12	4	1	3	98	9	10	1	0	14	17	72.1	244.5	81	0	1	0	10	0	17	14	0	0	159.5	3	0	0	0	0	9	0.5	0	58	4	18	0	0	0	6	17	28	44	46	1	2	2	1	17	0	180	0	32	8	2	98	21	4	72.3	10	5	0	0	7	945	186.5	420	33	29	112.6	8	14	27	0	0	481.5	1	0	19	0	0	7	0	480	420.5	115.3	18	1	64	8.1	2	6	0	0	8	139	0	103	11	6	8.5	0	10	1	71	6	12	0	47	11	61	4	0	94	7	3	11	2	18	41	0	20	8	177	0	3	9	13	181	1	4	0	3	281	11	102	0	0	0	16	0	13	15	14	14	0	5	2	206	19	272	10	0	20	0	16	0	0	0	0	0	4	0	2	3	1	4	88	17	185.6	0	16	2	23	132	0	7	0	19	11	1	75	26	0	0	9	0	8	9.5	5	3.3	0	8	0	0	15.5	1	2	0	7	3	56	0	5	0
2003	0	8	768.5	2	199	107.6	65	1	6	0	0	0	26	4	0	2	6	59	5	0	0	0	8	11	610	0	5	6	1	19	8	3	8	2	0	0	8	188.5	14	0	4	9	58	298	0	3	5	0	0	1.5	1	83	2	4	12	0	0	209	11	3	10	360	133	0	0	2	451	0	3	248	1	15	71	2	101	3	4	3	0	6.5	70	191	1	2	122	3	3	281	0	10	2	7	0	0	0	0	1	19.5	2	17.5	4	0	55	0	89	1.5	1	0	6	5	0	385	3	1.5	14	94	0	8.5	0	2	101	0	1	3	270	31	1	10	29	0	32	13	0	174	12	3	2	2	2	10	0	0	3	47	31	253	5	9	3	13	359	181	228	219	0	179	1	71	241	51.1	3	0	77	21	31.5	45	0	255	3	29	18	4	39	68	71	107	246	0	6	2	180	1	169	12	4	1	3	98	9	10	1	0	14	17	72.1	244.5	163	0	1	1	10	0	17	14	0	0	159.5	3	0	0	0	0	9	0.5	0	58	4	18	0	0	0	6	17	28	44	46	1	2	2	5	17	0	180	0	32	8	19	98	21	4	72.3	10	5	0	0	7	1038	186.5	420	33	29	112.6	8	14	27	0	0	481.5	1	0	25	0	0	7	0	480	420.5	115.3	18	1	70	8.1	2	6	0	0	8	139	0	103	11	6	8.5	0	10	1	71	6	12	0	47	11	61	4	0	94	7	3	11	2	18	41	0	20	8	235	1	3	9	13	181	1	4	0	3	281	11	102	0	0	0	16	0	13	15	14	14	0	5	2	206	19	337	10	0	20	0	16	0	0	0	0	0	4	0	2	3	1	4	88	17	185.6	0	16	5	23	132	0	7	0	19	11	1	75	26	0	0	9	0	8	9.5	5	3.3	0	8	0	0	15.5	1	2	0	7	3	56	0	5	0
2004	0	8	768.5	2	199	107.6	65	1	6	0	0	0	26	4	0	2	6	59	5	0	0	6	8	11	610	0	5	6	1	19	8	3	8	2	0	0	8	188.5	14	0	4	9	58	298	0	3	5	0	0	1.5	1	83	2	4	12	3	0	209	11	3	13	360	133	0	0	2	475	0	3	248	1	15	71	2	101	3	4	3	0	6.5	70	191	1	2	122	3	3	281	0	10	2	7	0	0	0	0	1	19.5	2	17.5	16	0	114	0	89	1.5	1	0	6	5	0	385	3	1.5	14	116	0	8.5	0	2	101	0	1	3	270	31	1	10	29	0	32	13	0	174	12	3	2	2	2	10	0	0	3	47	31	253	5	9	3	13	359	181	228	219	0	179	1	117	241	51.1	3	0	77	21	31.5	130	0	255	3	29	18	4	39	68	71	107	246	0	6	2	180	1	169	12	4	1	3	98	9	10	1	0	14	17	72.1	244.5	221	0	1	1	10	0	17	14	0	0	159.5	3	0	0	0	0	9	0.5	0	58	4	18	0	0	0	6	17	28	44	46	1	2	2	5	17	0	180	0	32	8	26	98	21	4	72.3	10	5	0	0	7	1186	186.5	420	33	29	112.6	8	14	27	0	0	481.5	1	0	28	0	0	7	0	480	420.5	115.3	18	1	76	8.1	2	6	0	0	8	139	0	103	11	6	8.5	0	10	1	71	6	12	0	47	11	61	4	0	94	7	3	11	2	18	41	0	20	8	259	1	3	9	13	181	1	4	0	3	281	11	102	0	0	0	16	0	13	15	14	14	0	5	2	206	19	451	10	0	20	0	16	0	0	0	0	0	4	0	2	3	1	4	88	17	185.6	0	16	39	23	132	0	7	2	19	11	1	75	26	0	0	9	0	8	9.5	5	3.3	0	8	0	0	15.5	1	2	0	7	3	56	0	5	1
2005	0	8	768.5	2	199	107.6	65	1	6	0	0	0	32	4	0	2	6	59	5	0	0	8	8	11	610	0	5	6	1	19	8	3	8	2	0	0	8	188.5	14	0	4	9	58	298	0	3	5	0	0	1.5	1	83	2	4	12	12	4	209	11	3	13	360	133	0	0	2	499	0	3	248	1	15	71	2	101	3	4	3	0	6.5	70	191	1	2	122	3	3	281	0	10	2	7	0	0	0	0	1	19.5	2	17.5	27	0	247	0	89	1.5	1	0	6	5	0	385	3	1.5	14	174	0	8.5	0	2	101	0	1	3	270	31	1	10	29	0	32	13	0	174	12	3	2	2	2	10	0	0	3	47	31	253	5	9	3	13	359	181	228	228	0	179	1	160	241	51.1	3	0	77	21	31.5	167	0	255	3	29	18	4	39	68	71	107	246	0	6	2	180	1	169	12	4	1	3	98	9	10	1	0	14	17	72.1	244.5	281	0	1	1	10	0	17	14	0	0	159.5	3	0	0	0	0	9	0.5	0	58	4	18	0	0	0	6	17	28	44	46	1	2	2	5	17	0	180	0	32	8	62	98	21	4	72.3	10	5	0	0	7	1248	186.5	420	33	29	112.6	8	14	27	0	5	481.5	1	0	56	0	0	7	0	480	420.5	115.3	18	1	76	8.1	2	6	0	0	8	139	3	103	11	6	8.5	0	10	1	71	10	12	0	47	11	61	4	0	94	7	3	11	2	18	41	0	20	8	304	1	3	9	13	181	1	4	0	3	281	11	102	0	0	0	16	0	13	15	14	14	0	5	2	206	19	489	10	0	20	0	16	0	0	0	0	0	4	0	2	3	1	4	88	17	185.6	0	16	40	23	132	7	7	2	19	11	1	75	26	0	0	9	0	8	9.5	5	3.3	0	8	0	1	15.5	1	2	0	7	3	56	0	5	1
2006	0	8	768.5	2	199	107.6	65	1	6	0	0	0	32	4	0	2	6	59	5	0	0	8	8	11	610	0	5	6	1	19	8	3	8	2	0	0	8	188.5	14	0	4	9	58	298	0	3	5	0	0	1.5	1	83	2	4	12	14	4	209	11	3	13	360	133	0	0	2	513	0	3	248	1	15	71	2	101	3	4	3	0	6.5	70	191	1	2	122	3	3	281	0	10	2	7	0	0	0	0	1	19.5	2	17.5	107	0	381	0	89	1.5	1	0	6	5	0	385	3	1.5	14	246	0	8.5	0	2	101	0	1	3	270	31	1	10	29	0	32	13	0	174	12	3	2	2	2	10	0	0	3	47	31	253	5	9	3	13	359	181	228	235	0	179	1	175	241	51.1	3	0	77	21	31.5	223	0	255	3	29	18	4	39	68	71	107	246	0	6	2	180	1	169	12	4	1	3	98	9	10	1	0	14	17	72.1	244.5	307	0	1	1	10	0	17	14	0	0	159.5	3	0	0	0	0	9	0.5	0	58	4	18	0	0	0	6	17	28	44	46	1	2	2	5	17	0	180	0	32	8	69	98	21	4	72.3	10	5	0	0	7	1369	186.5	420	33	29	112.6	8	14	27	0	5	481.5	1	0	79	0	4	7	0	480	420.5	115.3	18	1	76	8.1	2	6	0	0	8	139	3	103	11	6	8.5	0	10	1	71	29	12	0	47	11	61	4	0	94	7	3	11	2	18	41	0	20	8	324	1	3	9	13	181	1	4	0	3	281	11	102	0	0	6	16	0	13	15	14	14	0	5	2	206	19	519	10	0	20	0	16	0	0	0	0	0	4	0	2	3	1	4	88	17	185.6	0	16	40	23	132	7	7	2	19	11	1	75	26	0	0	9	0	8	9.5	5	3.3	0	8	0	2	15.5	1	2	0	7	3	56	0	5	1
2007	1	8	768.5	2	199	107.6	65	1	6	0	0	0	45	4	0	2	6	59	5	0	0	8	8	11	610	0	5	6	1	19	8	3	8	2	0	0	8	188.5	14	0	4	9	58	298	0	3	5	0	0	1.5	1	83	2	4	12	14	4	209	11	3	13	360	133	0	0	2	527	0	3	248	1	15	71	2	101	3	4	3	0	6.5	70	191	1	2	122	3	3	281	0	10	2	7	0	0	0	0	1	19.5	2	17.5	201	0	490	0	89	1.5	1	0	6	5	0	385	3	1.5	14	267	0	8.5	0	2	101	0	1	3	270	31	1	10	29	0	32	13	30	174	12	3	2	2	2	10	0	0	3	47	31	253	5	9	3	13	359	181	228	235	0	179	1	183	241	51.1	3	0	77	21	31.5	229	0	255	3	29	18	4	39	68	71	107	246	0	6	2	180	1	169	12	4	1	3	98	9	10	1	0	14	17	72.1	244.5	307	0	1	1	10	0	17	14	0	0	159.5	3	0	0	0	0	9	0.5	109	58	4	18	0	0	0	6	17	28	44	46	1	2	2	5	17	0	180	0	32	8	79	98	21	4	72.3	10	5	0	0	7	1369	186.5	420	33	29	112.6	8	14	27	0	5	481.5	1	0	140	0	24	7	0	480	420.5	115.3	18	1	76	8.1	2	6	0	0	8	139	3	103	11	6	8.5	0	10	1	71	29	12	0	47	11	61	4	0	94	7	3	11	2	18	41	0	20	8	329	1	3	9	13	181	1	4	0	3	281	11	102	0	0	45	16	0	13	15	14	14	0	5	2	206	19	519	10	0	20	0	16	0	6	0	0	0	4	0	2	3	1	4	88	17	185.6	0	16	44	23	132	7	7	2	19	11	1	75	26	0	0	9	0	8	9.5	5	3.3	0	8	0	5	15.5	1	2	0	7	3	56	0	5	1
2008	1	8	768.5	2	199	107.6	65	1	6	0	0	0	45	4	0	2	6	59	5	0	0	8	8	11	610	0	5	6	1	19	8	3	8	2	0	0	8	188.5	14	0	4	9	58	298	0	3	5	0	0	1.5	1	83	2	4	12	14	4	209	11	3	13	360	133	0	0	2	535	0	3	248	1	15	71	2	101	3	4	3	0	6.5	70	191	1	2	122	3	3	281	0	10	2	7	0	0	0	0	1	19.5	2	17.5	298	0	551	0	89	1.5	1	0	6	5	0	385	3	1.5	14	267	0	8.5	0	2	101	0	1	3	270	31	1	10	29	0	32	13	83	174	12	3	2	2	2	10	0	0	3	47	31	253	5	9	3	13	359	181	228	235	0	179	1	214	241	51.1	3	0	77	21	31.5	232	0	255	3	29	18	4	39	68	71	107	246	0	6	2	180	1	169	12	4	1	3	98	9	10	1	0	14	17	72.1	244.5	307	0	1	1	10	0	17	14	0	9	159.5	3	0	0	0	0	9	0.5	207	58	4	18	0	0	0	6	17	28	44	46	1	2	2	5	17	0	180	0	32	8	100	98	21	4	72.3	10	5	0	0	7	1369	186.5	420	33	29	112.6	8	14	27	0	5	500.5	1	0	200	0	41	7	0	480	420.5	115.3	18	1	76	8.1	2	6	0	0	8	139	3	103	11	6	8.5	0	10	1	71	29	12	0	47	11	61	4	0	94	7	3	11	2	18	41	0	20	8	329	1	3	9	13	181	1	4	0	3	281	11	102	0	0	120	16	0	13	15	14	14	0	5	2	206	19	530	10	0	20	0	16	0	41	4	0	0	4	0	2	3	1	4	88	17	185.6	0	16	44	23	132	7	7	27	19	11	1	75	26	0	0	9	0	8	9.5	5	3.3	0	8	0	5	15.5	1	2	0	7	3	56	0	5	1
2009	6	8	768.5	2	199	107.6	65	1	6	0	0	0	45	4	0	2	6	59	5	0	0	8	8	11	610	0	5	6	1	19	8	3	8	2	0	0	8	188.5	14	0	4	9	58	298	0	3	5	0	0	1.5	1	83	2	4	12	14	4	209	11	3	13	360	133	0	0	2	535	0	3	248	1	15	71	2	101	3	4	3	0	6.5	70	191	1	2	122	3	3	281	0	10	2	7	0	0	0	0	1	19.5	2	17.5	320	0	577	0	89	1.5	1	0	6	5	0	385	3	1.5	14	275	0	8.5	0	2	101	0	1	3	270	31	1	10	29	0	32	13	105	174	12	3	2	2	2	10	0	0	3	47	31	253	5	9	3	13	359	181	228	235	0	179	1	246.5	241	51.1	3	0	77	21	31.5	327	0	255	3	29	18	4	39	68	71	107	246	0	6	2	180	1	169	12	4	1	3	98	9	10	1	0	14	17	72.1	244.5	307	0	1	1	10	3	17	14	0	9	159.5	3	0	0	0	0	9	0.5	256	58	4	18	0	0	0	6	17	28	44	46	1	2	2	5	17	0	180	0	32	8	169.5	98	21	4	72.3	10	5	0	0	7	1369	186.5	420	33	29	112.6	8	14	27	0	5	500.5	1	0	219	0	75.5	7	0	480	420.5	115.3	18	1	76	8.1	2	6	0	0	8	139	3	103	11	6	8.5	0	10	1	71	29	12	0	47	11	61	4	0	94	7	3	11	2	18	41	0	20	8	329	1	3	9	13	181	1	4	0	3	281	11	102	0	0	137	16	0	13	15	14	14	0	5	2	206	19	607	10	0	20	0	16	0	125	6	6	0	4	0	2	3	1	4	88	17	185.6	0	16	44	23	132	7	7	51	19	11	1	75	26	0	0	9	0	8	9.5	5	3.3	0	8	0	5	15.5	1	2	0	7	3	56	0	5	1
2010	53	8	768.5	2	199	107.6	65	1	6	0	0	0	45	4	0	2	6	59	5	0	0	8	8	11	610	0	5	6	1	19	8	3	8	2	0	0	8	188.5	14	0	4	9	58	298	0	3	5	0	0	1.5	1	83	2	4	12	14	4	209	11	3	13	360	133	0	0	2	535	0	3	248	1	15	71	2	101	3	4	3	0	6.5	70	191	1	2	122	3	3	281	0	10	2	7	0	0	0	0	1	19.5	2	17.5	464	0	829	0	89	1.5	1	0	6	5	0	385	3	1.5	14	275	0	8.5	0	2	101	0	1	3	270	31	1	10	29	0	32	13	105	174	12	3	2	2	2	10	0	0	3	47	31	253	5	9	3	13	359	181	228	235	5	179	1	246.5	241	51.1	3	0	77	21	31.5	541	0	255	3	29	18	4	39	68	71	107	246	0	6	2	180	1	169	12	4	1	3	98	9	10	1	0	14	17	72.1	244.5	307	0	1	1	10	35	17	14	0	9	159.5	3	0	0	0	0	9	0.5	496	58	4	18	0	0	0	6	17	28	44	46	1	2	2	5	17	0	180	0	32	8	411.5	98	21	4	72.3	10	5	0	0	7	1441	186.5	420	33	29	112.6	8	14	27	0	5	500.5	1	0	225	22	217.5	7	0	480	420.5	115.3	18	1	76	8.1	2	6	0	0	8	139	3	103	11	6	8.5	0	10	1	71	35	12	0	47	11	61	4	0	94	7	3	11	2	18	41	0	20	8	329	1	3	9	13	181	1	4	0	3	281	11	102	0	0	273	16	0	13	15	14	14	0	5	2	206	19	654	10	0	20	0	16	0	381	6	14	0	4	0	2	3	1	4	88	17	185.6	0	16	44	23	132	7	7	51	19	11	1	75	26	0	0	9	0	8	9.5	5	3.3	0	8	27	26	15.5	1	2	0	7	3	56	0	5	1
2011	95	8	768.5	2	199	107.6	65	1	6	0	0	0	45	4	0	2	6	59	5	0	0	8	8	11	610	0	5	6	1	19	8	3	8	2	0	0	8	188.5	14	2	4	9	58	298	0	3	5	0	0	1.5	1	83	2	4	12	14	4	209	11	3	13	360	133	0	0	2	535	0	3	248	1	15	71	2	101	3	4	3	0	6.5	70	191	1	2	122	3	3	281	0	10	2	7	0	0	0	0	1	19.5	2	17.5	582	0	1086	0	89	1.5	1	0	6	5	0	385	3	1.5	14	275	0	8.5	0	2	101	0	1	3	270	31	1	10	29	0	32	13	105	174	12	3	2	2	2	10	0	0	3	47	31	253	5	9	3	13	359	181	228	235	31	179	1	246.5	241	51.1	3	0	77	21	31.5	811	0	255	3	29	18	4	39	68	71	107	246	0	6	2	180	1	169	12	4	1	3	98	9	10	1	0	14	17	72.1	244.5	307	0	1	1	10	65	17	14	0	9	159.5	3	0	0	0	0	9	0.5	723	58	4	18	0	0	0	6	17	28	44	46	1	2	2	5	17	0	180	0	32	8	669.5	98	21	4	72.3	10	5	0	0	7	1517	186.5	420	33	29	112.6	8	14	27	0	5	500.5	1	0	259	22	306.5	7	0	480	420.5	115.3	18	1	76	8.1	2	6	0	1	8	139	3	103	11	6	8.5	27	10	1	71	35	12	0	47	11	61	4	0	94	7	3	11	2	18	41	0	20	8	329	1	3	9	13	181	1	4	0	3	281	11	102	0	0	273	16	0	13	15	14	14	0	5	2	206	19	658	10	0	20	0	16	0	773	6	29	0	4	14	2	3	1	4	88	17	185.6	0	16	44	23	132	7	7	51	19	11	1	75	26	0	0	9	0	8	9.5	5	3.3	0	8	64	26	15.5	1	2	0	7	3	56	0	5	1
2012	95	8	768.5	2	199	107.6	65	1	6	0	0	0	45	4	0	2	6	59	5	0	0	8	8	11	610	0	5	6	1	19	8	3	8	2	0	0	8	188.5	14	33	4	9	58	298	0	3	5	0	0	1.5	1	83	2	4	12	14	4	209	11	3	13	360	133	10	0	2	535	0	3	248	1	15	71	2	101	3	4	3	0	6.5	70	191	1	2	122	3	3	281	0	10	2	7	0	0	0	0	1	19.5	2	17.5	704	0	1364	0	89	1.5	1	0	6	5	0	385	3	1.5	14	275	0	8.5	0	2	101	0	1	3	270	31	1	10	29	0	32	13	105	174	12	3	2	2	2	10	0	0	3	47	31	253	5	9	3	13	359	181	228	235	31	179	1	246.5	241	51.1	3	16	77	21	31.5	999	0	255	3	29	18	4	39	68	71	107	246	0	6	2	180	1	169	12	4	1	3	98	9	10	1	0	14	17	72.1	244.5	307	0	1	1	10	125	17	14	0	9	159.5	3	0	0	0	0	9	0.5	913	58	4	18	0	0	0	6	17	28	44	46	1	2	2	5	17	0	180	0	32	8	848.5	98	21	4	72.3	10	5	0	0	7	1566	186.5	420	33	29	112.6	8	14	27	0	5	500.5	1	0	259	85	399.5	7	0	480	420.5	115.3	18	1	76	8.1	2	6	0	46	8	139	3	103	11	6	8.5	73	10	1	71	35	12	0	47	11	61	4	0	94	7	3	11	2	18	41	0	20	8	329	1	3	9	13	181	1	4	0	3	281	11	102	0	0	273	16	0	13	15	14	14	96	5	2	206	19	658	10	0	20	0	16	0	1054	6	29	0	4	80	2	3	1	4	88	17	185.6	0	16	44	23	132	7	7	51	19	11	1	75	26	0	0	9	0	8	9.5	5	3.3	0	8	64	26	15.5	1	2	0	7	3	56	0	5	1
2013	124	8	768.5	2	199	107.6	65	1	6	0	0	0	45	4	0	2	6	59	5	0	0	8	8	11	610	0	5	6	1	19	8	3	8	2	0	0	8	188.5	14	33	4	9	58	298	0	3	5	0	0	1.5	1	83	2	4	12	14	4	209	11	3	13	360	133	30	0	2	535	0	3	248	1	15	71	2	101	3	4	3	0	6.5	70	191	1	2	122	3	3	281	0	10	2	7	0	6	0	0	1	19.5	2	17.5	816	0	1606	0	89	1.5	1	0	6	5	0	385	3	1.5	14	275	0	8.5	0	2	101	0	1	3	270	31	1	10	29	0	32	13	105	174	12	3	2	2	2	10	0	0	3	47	31	253	5	9	3	13	359	181	228	235	31	179	1	246.5	241	51.1	3	29	77	21	31.5	1072	0	255	3	29	18	4	39	68	71	107	246	0	6	2	180	1	169	12	4	1	3	98	9	10	1	0	14	17	72.1	244.5	307	0	1	1	10	125	17	14	0	9	159.5	3	0	0	0	0	9	0.5	1102	58	4	18	0	0	0	6	17	28	44	46	1	2	2	5	17	0	180	0	32	8	1047.5	98	21	4	72.3	10	5	0	0	7	1566	186.5	420	33	29	112.6	8	14	27	0	5	500.5	1	0	259	136	570.5	7	0	480	420.5	115.3	18	1	76	8.1	2	6	0	47	8	139	3	103	11	6	8.5	121	10	1	71	35	12	0	47	11	61	4	0	94	7	3	11	2	18	41	0	20	8	329	1	3	9	13	181	1	4	0	3	281	11	102	0	0	273	16	0	13	15	14	14	228	5	2	206	19	658	10	0	20	0	16	0	1451	6	29	0	4	129	2	3	1	4	88	17	185.6	0	16	44	23	132	7	7	51	19	11	1	75	26	0	0	9	0	8	9.5	5	3.3	4	8	64	26	15.5	1	2	0	7	3	56	0	5	1
2014	124	8	768.5	2	199	107.6	65	1	6	0	0	0	45	4	0	2	6	59	5	0	0	8	8	11	610	0	5	6	1	19	8	3	8	2	0	0	8	188.5	14	33	4	9	58	298	0	3	5	0	0	1.5	1	83	2	4	12	14	4	209	11	3	13	360	133	268	8	2	535	0	3	248	1	15	71	2	101	3	4	3	0	6.5	70	191	1	2	122	3	3	281	0	10	2	7	0	6	0	0	1	19.5	2	17.5	950	0	1767	0	89	1.5	1	0	6	5	0	385	3	1.5	14	275	0	8.5	0	2	101	0	1	3	270	31	1	10	29	0	32	13	105	174	12	3	2	2	2	10	0	0	3	47	31	253	5	9	3	13	359	181	228	235	31	179	1	246.5	241	51.1	3	51	77	21	31.5	1198	0	255	3	29	18	4	39	68	71	107	246	0	6	2	180	1	169	12	4	1	3	98	9	10	1	0	14	17	72.1	244.5	307	2	1	1	10	125	17	14	0	9	159.5	3	55	0	0	0	9	0.5	1486	58	4	18	0	0	0	6	17	28	44	46	1	2	2	5	17	0	180	0	32	8	1047.5	98	21	4	72.3	10	5	0	0	7	1566	186.5	420	33	29	112.6	8	14	27	0	5	500.5	1	0	259	232	887.5	7	0	480	420.5	115.3	18	1	76	8.1	2	6	0	49	8	139	3	103	11	6	8.5	121	10	1	71	35	12	0	47	11	61	4	0	94	7	3	11	2	18	41	0	20	8	329	1	3	9	13	181	1	4	0	3	281	11	102	0	0	273	16	0	13	15	14	14	236	5	2	206	19	658	10	0	20	0	16	0	1618	6	29	0	4	188	2	3	1	4	88	17	185.6	0	16	44	23	132	7	7	51	19	11	1	75	26	0	0	9	0	8	9.5	5	3.3	190	8	64	26	15.5	1	2	0	7	3	56	0	5	1
2015	124	8	768.5	2	199	107.6	65	1	6	0	0	0	45	4	0	2	6	59	5	0	0	8	8	11	610	0	5	6	1	19	8	3	8	2	0	0	8	188.5	14	33	4	9	58	298	18	3	5	0	0	1.5	1	83	2	4	12	14	4	209	11	3	13	360	133	360	103	2	535	0	3	248	1	15	71	2	101	3	4	3	0	6.5	70	191	1	2	122	3	3	281	0	10	2	7	0	6	0	0	1	19.5	2	17.5	1071	27	1778	0	89	1.5	1	0	6	5	0	385	3	1.5	14	275	0	8.5	0	2	101	0	1	3	270	31	1	10	29	0	32	13	105	174	12	3	2	2	2	10	0	0	3	47	31	253	5	9	3	13	359	181	228	235	31	179	1	246.5	241	51.1	3	51	77	21	31.5	1214	0	255	3	29	18	4	39	68	71	107	246	0	6	2	180	1	169	12	4	1	3	98	9	10	1	0	14	17	72.1	244.5	307	2	1	1	10	125	17	14	0	9	159.5	3	55	0	0	0	9	0.5	1867	58	4	18	0	0	0	6	17	28	44	46	1	2	2	5	17	9	180	0	32	8	1047.5	98	21	4	72.3	10	5	0	49	7	1566	186.5	420	33	29	112.6	8	14	27	0	5	500.5	1	0	259	290	1209.5	7	0	480	420.5	115.3	18	1	76	8.1	2	6	0	76	8	139	3	103	11	6	8.5	121	10	1	71	35	12	0	47	11	61	4	0	94	7	3	11	2	18	41	0	20	8	329	1	3	9	13	181	1	4	0	3	281	11	102	0	0	273	16	0	13	15	14	14	287	5	2	206	19	658	10	0	20	0	16	0	1896	6	29	0	4	266	2	3	1	4	88	17	185.6	0	16	44	23	132	7	7	51	19	11	1	75	26	0	0	9	0	8	9.5	5	3.3	326	8	64	26	15.5	1	2	0	7	3	56	0	5	1
2016	124	8	768.5	2	199	107.6	65	1	6	0	0	0	45	4	0	2	6	59	5	0	0	8	8	11	610	0	5	6	1	19	8	3	8	2	0	0	8	188.5	14	33	4	9	58	298	64	3	5	0	0	1.5	1	83	2	4	12	14	4	209	11	3	13	360	133	616	128	2	535	0	3	248	1	15	71	2	101	3	4	3	0	6.5	70	191	1	2	122	3	3	281	0	10	2	7	0	6	0	0	1	19.5	2	17.5	1124	29	1832	0	89	1.5	1	0	6	5	0	385	3	1.5	14	275	0	8.5	0	2	101	0	1	3	270	31	1	10	29	0	32	13	105	174	12	3	2	2	2	10	0	0	3	47	31	253	5	9	3	13	359	181	228	235	31	179	1	246.5	241	51.1	3	51	77	21	31.5	1235	0	255	3	29	18	4	39	68	71	107	246	0	6	2	180	1	169	12	4	1	3	98	9	10	1	1	14	17	72.1	244.5	307	2	1	1	10	125	17	14	0	9	159.5	3	62	0	0	0	9	0.5	2247	58	4	18	0	0	0	6	17	28	44	46	1	2	2	5	17	9	180	0	32	8	1047.5	98	21	4	72.3	10	5	0	253	7	1566	186.5	420	33	29	112.6	8	14	27	0	5	500.5	1	0	259	362	1594.5	7	0	480	420.5	115.3	18	1	76	8.1	2	6	1	76	8	139	3	103	11	6	8.5	121	10	1	71	35	12	0	47	11	61	4	0	94	7	3	11	2	18	41	0	20	8	329	1	3	9	13	181	1	4	0	3	281	11	102	0	0	273	16	0	13	15	14	14	316	5	2	206	19	658	10	0	20	0	16	0	2108	6	29	0	4	367	2	3	1	4	88	17	185.6	1	16	44	23	132	7	7	51	19	11	1	75	26	0	0	9	0	8	9.5	5	3.3	411	8	64	26	15.5	1	2	0	7	3	56	0	5	1
2017	124	8	768.5	2	199	107.6	65	1	6	0	0	0	45	4	0	2	6	59	5	0	0	8	8	11	610	0	5	6	1	19	8	3	8	2	0	0	8	188.5	14	33	4	9	58	298	118	3	5	0	0	1.5	1	83	2	4	12	14	4	209	11	3	13	360	133	816	133	2	535	0	3	248	1	15	71	2	101	3	4	3	0	6.5	70	191	1	2	122	3	3	281	0	10	2	7	0	6	87	0	1	19.5	2	17.5	1167	29	1849	0	89	1.5	1	0	6	5	0	385	3	1.5	14	275	0	8.5	0	2	101	0	1	3	270	31	1	10	29	0	32	13	105	174	12	3	2	2	2	10	0	0	3	47	31	253	5	9	3	13	359	181	228	235	31	179	1	246.5	241	51.1	3	51	77	21	31.5	1235	0	255	3	29	18	4	39	68	71	107	246	0	6	2	180	1	169	12	4	1	3	98	9	10	1	9	14	17	72.1	244.5	307	2	1	1	10	125	17	14	0	9	159.5	3	81	0	40	0	9	0.5	2610	58	4	18	0	0	0	6	17	28	44	46	1	2	2	5	17	9	180	0	32	8	1047.5	98	21	4	72.3	10	5	0	421	7	1566	186.5	420	33	29	112.6	8	14	27	0	5	500.5	1	0	259	405	1594.5	7	0	480	420.5	115.3	18	1	76	8.1	2	6	6	76	8	139	3	103	11	6	8.5	121	10	1	71	35	12	0	47	11	61	4	0	94	7	3	11	2	18	41	0	20	8	329	1	3	9	13	181	1	4	0	3	281	11	102	0	0	273	16	0	13	15	14	14	344	5	2	206	19	658	10	0	20	0	16	0	2425	6	29	0	4	467	2	3	1	4	88	17	185.6	14	16	44	23	132	7	7	51	19	11	1	75	26	0	0	9	0	8	9.5	5	3.3	716	8	64	26	15.5	1	2	0	7	3	56	0	5	1
2018	124	8	768.5	2	199	107.6	65	1	6	0	0	0	45	4	0	2	6	59	5	0	0	8	8	11	610	0	5	6	1	19	8	3	8	2	0	4	8	188.5	14	33	4	9	58	298	171	3	5	39	0	1.5	1	83	2	4	12	14	4	209	11	3	13	360	133	986	133	2	535	0	3	248	1	15	71	2	101	3	4	3	0	6.5	70	191	1	2	122	3	3	281	0	10	2	7	0	6	136	0	1	19.5	2	17.5	1167	29	1899	0	89	1.5	1	0	6	5	0	385	3	1.5	14	275	0	8.5	0	2	101	0	1	3	270	31	1	10	29	0	32	13	105	174	12	3	2	2	2	10	0	0	3	47	31	253	5	9	3	13	359	181	228	235	31	179	1	246.5	241	51.1	3	51	77	21	31.5	1235	0	255	3	29	18	4	39	68	71	107	246	0	6	2	180	1	169	12	4	1	3	98	9	10	1	9	14	17	72.1	244.5	307	2	1	1	10	125	17	14	0	9	159.5	3	137	0	46	0	9	0.5	3018	58	4	18	0	0	0	6	17	28	44	46	1	2	2	5	17	18	180	0	32	8	1047.5	98	21	4	72.3	10	5	0	670	7	1566	186.5	420	33	29	112.6	8	14	27	0	5	500.5	1	0	259	474	1594.5	7	0	480	420.5	115.3	18	1	76	8.1	2	6	6	76	8	139	3	103	11	6	8.5	121	10	1	71	35	12	0	47	11	61	4	0	94	7	3	11	2	18	41	29	20	8	329	1	3	9	13	181	1	4	0	3	281	11	102	0	0	273	16	0	13	15	14	14	381	5	2	206	19	658	10	0	20	0	16	0	2745	6	29	1	4	529	2	3	1	4	88	17	185.6	26	16	44	23	132	7	7	51	19	11	1	75	26	0	0	9	0	8	9.5	5	3.3	963	8	64	26	15.5	1	2	0	7	3	56	0	5	1
2019	124	8	768.5	2	199	107.6	65	1	6	0	92	0	45	4	0	2	6	59	5	0	14	8	8	11	610	0	5	6	1	19	8	3	8	2	0	4	8	188.5	14	33	4	9	58	298	267	3	5	303	0	1.5	1	83	2	4	12	14	4	209	11	3	13	360	133	1040	170	2	535	0	3	248	1	15	71	2	101	3	4	3	0	6.5	70	191	1	2	122	3	3	281	0	10	2	7	0	6	136	0	1	19.5	2	17.5	1167	29	1899	0	89	1.5	1	0	6	5	0	385	3	1.5	14	275	0	8.5	0	2	101	0	1	3	270	31	1	10	29	0	32	13	105	174	12	3	2	2	2	10	0	0	3	47	31	253	5	9	3	13	359	181	228	235	31	179	1	246.5	241	51.1	3	51	77	21	31.5	1235	0	255	3	29	18	4	39	68	71	107	246	0	6	2	180	1	169	12	4	1	3	98	9	10	1	9	14	17	72.1	244.5	307	2	1	1	10	125	17	14	0	9	159.5	3	157	0	67	49	9	0.5	3431	58	4	18	0	0	0	6	17	28	44	46	1	2	2	5	17	18	180	0	32	8	1047.5	98	21	4	72.3	10	5	0	948	7	1566	186.5	420	33	29	112.6	8	14	27	0	5	500.5	1	0	259	511	1594.5	7	0	480	420.5	115.3	18	1	76	8.1	2	6	6	76	8	139	3	103	11	6	8.5	121	10	1	71	35	12	0	47	11	61	4	0	94	7	3	11	2	18	41	124	20	8	329	1	3	9	13	181	1	4	0	3	281	11	102	0	0	274	16	0	13	15	14	14	389	5	2	206	19	658	10	0	20	0	16	0	2985	6	29	1	4	581	2	3	1	4	88	17	185.6	26	16	44	23	132	7	7	51	19	11	1	75	26	0	0	9	0	8	9.5	5	3.3	1289	8	64	26	15.5	1	2	0	7	3	56	0	5	1
2020	124	8	768.5	2	199	107.6	65	1	6	0	140	0	45	4	0	2	6	59	5	0	16	8	8	11	610	0	5	6	1	19	8	3	8	2	0	4	8	188.5	14	33	4	9	58	298	290	3	5	348	0	1.5	1	83	2	4	12	14	4	209	11	3	13	360	133	1073	172	2	535	0	3	248	1	15	71	2	101	3	4	3	0	6.5	70	191	1	2	122	3	3	281	0	10	2	7	0	6	162	0	1	19.5	2	17.5	1167	29	1899	0	89	1.5	1	0	6	5	0	385	3	1.5	14	275	0	8.5	0	2	101	0	1	3	270	31	1	10	29	0	32	13	105	174	12	3	2	2	2	10	0	0	3	47	31	253	5	9	3	13	359	181	228	235	31	179	1	246.5	241	51.1	3	51	77	21	31.5	1235	0	255	3	29	18	4	39	68	71	107	246	0	6	2	180	1	169	12	4	1	3	98	9	10	1	9	14	17	72.1	244.5	307	2	1	1	10	125	17	14	0	9	159.5	3	158	0	109	94	9	0.5	3588	58	4	18	0	0	0	6	17	28	44	46	1	2	2	5	17	18	180	0	32	8	1047.5	98	21	4	72.3	10	5	0	1058	7	1566	186.5	420	33	29	112.6	8	14	27	0	5	500.5	1	0	259	517	1594.5	7	0	480	420.5	115.3	18	1	76	8.1	2	6	6	76	8	139	3	103	11	6	8.5	121	10	1	71	35	12	0	47	11	61	4	0	94	7	3	11	2	18	41	142	20	8	329	1	3	9	13	181	1	4	0	3	281	11	102	0	0	274	16	0	13	15	14	14	389	5	2	206	19	658	10	0	20	0	16	0	3001	6	29	1	4	614	2	3	1	4	88	17	185.6	26	16	44	23	132	7	7	51	19	11	1	75	26	0	0	9	0	8	9.5	5	3.3	1396	8	64	26	15.5	1	2	0	7	3	56	0	5	1
2020	124	8	768.5	2	199	107.6	65	1	6	0	140	0	45	4	0	2	6	59	5	0	16	8	8	11	610	0	5	6	1	19	8	3	8	2	0	4	8	188.5	14	33	4	9	58	298	290	3	5	348	0	1.5	1	83	2	4	12	14	4	209	11	3	13	360	133	1073	172	2	535	0	3	248	1	15	71	2	101	3	4	3	0	6.5	70	191	1	2	122	3	3	281	0	10	2	7	0	6	162	0	1	19.5	2	17.5	1167	29	1899	0	89	1.5	1	0	6	5	0	385	3	1.5	14	275	0	8.5	0	2	101	0	1	3	270	31	1	10	29	0	32	13	105	174	12	3	2	2	2	10	0	0	3	47	31	253	5	9	3	13	359	181	228	235	31	179	1	246.5	241	51.1	3	51	77	21	31.5	1235	0	255	3	29	18	4	39	68	71	107	246	0	6	2	180	1	169	12	4	1	3	98	9	10	1	9	14	17	72.1	244.5	307	2	1	1	10	125	17	14	0	9	159.5	3	158	0	109	94	9	0.5	3588	58	4	18	0	0	0	6	17	28	44	46	1	2	2	5	17	18	180	0	32	8	1047.5	98	21	4	72.3	10	5	0	1058	7	1566	186.5	420	33	29	112.6	8	14	27	0	5	500.5	1	0	259	517	1594.5	7	0	480	420.5	115.3	18	1	76	8.1	2	6	6	76	8	139	3	103	11	6	8.5	121	10	1	71	35	12	0	47	11	61	4	0	94	7	3	11	2	18	41	142	20	8	329	1	3	9	13	181	1	4	0	3	281	11	102	0	0	274	16	0	13	15	14	14	389	5	2	206	19	658	10	0	20	0	16	0	3001	6	29	1	4	614	2	3	1	4	88	17	185.6	26	16	44	23	132	7	7	51	19	11	1	75	26	0	0	9	0	8	9.5	5	3.3	1396	8	64	26	15.5	1	2	0	7	3	56	0	5	1
2020	124	8	768.5	2	199	107.6	65	1	6	0	140	0	45	4	0	2	6	59	5	0	16	8	8	11	610	0	5	6	1	19	8	3	8	2	0	4	8	188.5	14	33	4	9	58	298	290	3	5	348	0	1.5	1	83	2	4	12	14	4	209	11	3	13	360	133	1073	172	2	535	0	3	248	1	15	71	2	101	3	4	3	0	6.5	70	191	1	2	122	3	3	281	0	10	2	7	0	6	162	0	1	19.5	2	17.5	1167	29	1899	0	89	1.5	1	0	6	5	0	385	3	1.5	14	275	0	8.5	0	2	101	0	1	3	270	31	1	10	29	0	32	13	105	174	12	3	2	2	2	10	0	0	3	47	31	253	5	9	3	13	359	181	228	235	31	179	1	246.5	241	51.1	3	51	77	21	31.5	1235	0	255	3	29	18	4	39	68	71	107	246	0	6	2	180	1	169	12	4	1	3	98	9	10	1	9	14	17	72.1	244.5	307	2	1	1	10	125	17	14	0	9	159.5	3	158	0	109	94	9	0.5	3588	58	4	18	0	0	0	6	17	28	44	46	1	2	2	5	17	18	180	0	32	8	1047.5	98	21	4	72.3	10	5	0	1058	7	1566	186.5	420	33	29	112.6	8	14	27	0	5	500.5	1	0	259	517	1594.5	7	0	480	420.5	115.3	18	1	76	8.1	2	6	6	76	8	139	3	103	11	6	8.5	121	10	1	71	35	12	0	47	11	61	4	0	94	7	3	11	2	18	41	142	20	8	329	1	3	9	13	181	1	4	0	3	281	11	102	0	0	274	16	0	13	15	14	14	389	5	2	206	19	658	10	0	20	0	16	0	3001	6	29	1	4	614	2	3	1	4	88	17	185.6	26	16	44	23	132	7	7	51	19	11	1	75	26	0	0	9	0	8	9.5	5	3.3	1396	8	64	26	15.5	1	2	0	7	3	56	0	5	1
2020	124	8	768.5	2	199	107.6	65	1	6	0	140	0	45	4	0	2	6	59	5	0	16	8	8	11	610	0	5	6	1	19	8	3	8	2	0	4	8	188.5	14	33	4	9	58	298	290	3	5	348	0	1.5	1	83	2	4	12	14	4	209	11	3	13	360	133	1073	172	2	535	0	3	248	1	15	71	2	101	3	4	3	0	6.5	70	191	1	2	122	3	3	281	0	10	2	7	0	6	162	0	1	19.5	2	17.5	1167	29	1899	0	89	1.5	1	0	6	5	0	385	3	1.5	14	275	0	8.5	0	2	101	0	1	3	270	31	1	10	29	0	32	13	105	174	12	3	2	2	2	10	0	0	3	47	31	253	5	9	3	13	359	181	228	235	31	179	1	246.5	241	51.1	3	51	77	21	31.5	1235	0	255	3	29	18	4	39	68	71	107	246	0	6	2	180	1	169	12	4	1	3	98	9	10	1	9	14	17	72.1	244.5	307	2	1	1	10	125	17	14	0	9	159.5	3	158	0	109	94	9	0.5	3588	58	4	18	0	0	0	6	17	28	44	46	1	2	2	5	17	18	180	0	32	8	1047.5	98	21	4	72.3	10	5	0	1058	7	1566	186.5	420	33	29	112.6	8	14	27	0	5	500.5	1	0	259	517	1594.5	7	0	480	420.5	115.3	18	1	76	8.1	2	6	6	76	8	139	3	103	11	6	8.5	121	10	1	71	35	12	0	47	11	61	4	0	94	7	3	11	2	18	41	142	20	8	329	1	3	9	13	181	1	4	0	3	281	11	102	0	0	274	16	0	13	15	14	14	389	5	2	206	19	658	10	0	20	0	16	0	3001	6	29	1	4	614	2	3	1	4	88	17	185.6	26	16	44	23	132	7	7	51	19	11	1	75	26	0	0	9	0	8	9.5	5	3.3	1396	8	64	26	15.5	1	2	0	7	3	56	0	5	1
2020	124	8	768.5	2	199	107.6	65	1	6	0	140	0	45	4	0	2	6	59	5	0	16	8	8	11	610	0	5	6	1	19	8	3	8	2	0	4	8	188.5	14	33	4	9	58	298	290	3	5	348	0	1.5	1	83	2	4	12	14	4	209	11	3	13	360	133	1073	172	2	535	0	3	248	1	15	71	2	101	3	4	3	0	6.5	70	191	1	2	122	3	3	281	0	10	2	7	0	6	162	0	1	19.5	2	17.5	1167	29	1899	0	89	1.5	1	0	6	5	0	385	3	1.5	14	275	0	8.5	0	2	101	0	1	3	270	31	1	10	29	0	32	13	105	174	12	3	2	2	2	10	0	0	3	47	31	253	5	9	3	13	359	181	228	235	31	179	1	246.5	241	51.1	3	51	77	21	31.5	1235	0	255	3	29	18	4	39	68	71	107	246	0	6	2	180	1	169	12	4	1	3	98	9	10	1	9	14	17	72.1	244.5	307	2	1	1	10	125	17	14	0	9	159.5	3	158	0	109	94	9	0.5	3588	58	4	18	0	0	0	6	17	28	44	46	1	2	2	5	17	18	180	0	32	8	1047.5	98	21	4	72.3	10	5	0	1058	7	1566	186.5	420	33	29	112.6	8	14	27	0	5	500.5	1	0	259	517	1594.5	7	0	480	420.5	115.3	18	1	76	8.1	2	6	6	76	8	139	3	103	11	6	8.5	121	10	1	71	35	12	0	47	11	61	4	0	94	7	3	11	2	18	41	142	20	8	329	1	3	9	13	181	1	4	0	3	281	11	102	0	0	274	16	0	13	15	14	14	389	5	2	206	19	658	10	0	20	0	16	0	3001	6	29	1	4	614	2	3	1	4	88	17	185.6	26	16	44	23	132	7	7	51	19	11	1	75	26	0	0	9	0	8	9.5	5	3.3	1396	8	64	26	15.5	1	2	0	7	3	56	0	5	1
2020	124	8	768.5	2	199	107.6	65	1	6	0	140	0	45	4	0	2	6	59	5	0	16	8	8	11	610	0	5	6	1	19	8	3	8	2	0	4	8	188.5	14	33	4	9	58	298	290	3	5	348	0	1.5	1	83	2	4	12	14	4	209	11	3	13	360	133	1073	172	2	535	0	3	248	1	15	71	2	101	3	4	3	0	6.5	70	191	1	2	122	3	3	281	0	10	2	7	0	6	162	0	1	19.5	2	17.5	1167	29	1899	0	89	1.5	1	0	6	5	0	385	3	1.5	14	275	0	8.5	0	2	101	0	1	3	270	31	1	10	29	0	32	13	105	174	12	3	2	2	2	10	0	0	3	47	31	253	5	9	3	13	359	181	228	235	31	179	1	246.5	241	51.1	3	51	77	21	31.5	1235	0	255	3	29	18	4	39	68	71	107	246	0	6	2	180	1	169	12	4	1	3	98	9	10	1	9	14	17	72.1	244.5	307	2	1	1	10	125	17	14	0	9	159.5	3	158	0	109	94	9	0.5	3588	58	4	18	0	0	0	6	17	28	44	46	1	2	2	5	17	18	180	0	32	8	1047.5	98	21	4	72.3	10	5	0	1058	7	1566	186.5	420	33	29	112.6	8	14	27	0	5	500.5	1	0	259	517	1594.5	7	0	480	420.5	115.3	18	1	76	8.1	2	6	6	76	8	139	3	103	11	6	8.5	121	10	1	71	35	12	0	47	11	61	4	0	94	7	3	11	2	18	41	142	20	8	329	1	3	9	13	181	1	4	0	3	281	11	102	0	0	274	16	0	13	15	14	14	389	5	2	206	19	658	10	0	20	0	16	0	3001	6	29	1	4	614	2	3	1	4	88	17	185.6	26	16	44	23	132	7	7	51	19	11	1	75	26	0	0	9	0	8	9.5	5	3.3	1396	8	64	26	15.5	1	2	0	7	3	56	0	5	1
2020	124	8	768.5	2	199	107.6	65	1	6	0	140	0	45	4	0	2	6	59	5	0	16	8	8	11	610	0	5	6	1	19	8	3	8	2	0	4	8	188.5	14	33	4	9	58	298	290	3	5	348	0	1.5	1	83	2	4	12	14	4	209	11	3	13	360	133	1073	172	2	535	0	3	248	1	15	71	2	101	3	4	3	0	6.5	70	191	1	2	122	3	3	281	0	10	2	7	0	6	162	0	1	19.5	2	17.5	1167	29	1899	0	89	1.5	1	0	6	5	0	385	3	1.5	14	275	0	8.5	0	2	101	0	1	3	270	31	1	10	29	0	32	13	105	174	12	3	2	2	2	10	0	0	3	47	31	253	5	9	3	13	359	181	228	235	31	179	1	246.5	241	51.1	3	51	77	21	31.5	1235	0	255	3	29	18	4	39	68	71	107	246	0	6	2	180	1	169	12	4	1	3	98	9	10	1	9	14	17	72.1	244.5	307	2	1	1	10	125	17	14	0	9	159.5	3	158	0	109	94	9	0.5	3588	58	4	18	0	0	0	6	17	28	44	46	1	2	2	5	17	18	180	0	32	8	1047.5	98	21	4	72.3	10	5	0	1058	7	1566	186.5	420	33	29	112.6	8	14	27	0	5	500.5	1	0	259	517	1594.5	7	0	480	420.5	115.3	18	1	76	8.1	2	6	6	76	8	139	3	103	11	6	8.5	121	10	1	71	35	12	0	47	11	61	4	0	94	7	3	11	2	18	41	142	20	8	329	1	3	9	13	181	1	4	0	3	281	11	102	0	0	274	16	0	13	15	14	14	389	5	2	206	19	658	10	0	20	0	16	0	3001	6	29	1	4	614	2	3	1	4	88	17	185.6	26	16	44	23	132	7	7	51	19	11	1	75	26	0	0	9	0	8	9.5	5	3.3	1396	8	64	26	15.5	1	2	0	7	3	56	0	5	1
2020	124	8	768.5	2	199	107.6	65	1	6	0	140	0	45	4	0	2	6	59	5	0	16	8	8	11	610	0	5	6	1	19	8	3	8	2	0	4	8	188.5	14	33	4	9	58	298	290	3	5	348	0	1.5	1	83	2	4	12	14	4	209	11	3	13	360	133	1073	172	2	535	0	3	248	1	15	71	2	101	3	4	3	0	6.5	70	191	1	2	122	3	3	281	0	10	2	7	0	6	162	0	1	19.5	2	17.5	1167	29	1899	0	89	1.5	1	0	6	5	0	385	3	1.5	14	275	0	8.5	0	2	101	0	1	3	270	31	1	10	29	0	32	13	105	174	12	3	2	2	2	10	0	0	3	47	31	253	5	9	3	13	359	181	228	235	31	179	1	246.5	241	51.1	3	51	77	21	31.5	1235	0	255	3	29	18	4	39	68	71	107	246	0	6	2	180	1	169	12	4	1	3	98	9	10	1	9	14	17	72.1	244.5	307	2	1	1	10	125	17	14	0	9	159.5	3	158	0	109	94	9	0.5	3588	58	4	18	0	0	0	6	17	28	44	46	1	2	2	5	17	18	180	0	32	8	1047.5	98	21	4	72.3	10	5	0	1058	7	1566	186.5	420	33	29	112.6	8	14	27	0	5	500.5	1	0	259	517	1594.5	7	0	480	420.5	115.3	18	1	76	8.1	2	6	6	76	8	139	3	103	11	6	8.5	121	10	1	71	35	12	0	47	11	61	4	0	94	7	3	11	2	18	41	142	20	8	329	1	3	9	13	181	1	4	0	3	281	11	102	0	0	274	16	0	13	15	14	14	389	5	2	206	19	658	10	0	20	0	16	0	3001	6	29	1	4	614	2	3	1	4	88	17	185.6	26	16	44	23	132	7	7	51	19	11	1	75	26	0	0	9	0	8	9.5	5	3.3	1396	8	64	26	15.5	1	2	0	7	3	56	0	5	1
2020	124	8	768.5	2	199	107.6	65	1	6	0	140	0	45	4	0	2	6	59	5	0	16	8	8	11	610	0	5	6	1	19	8	3	8	2	0	4	8	188.5	14	33	4	9	58	298	290	3	5	348	0	1.5	1	83	2	4	12	14	4	209	11	3	13	360	133	1073	172	2	535	0	3	248	1	15	71	2	101	3	4	3	0	6.5	70	191	1	2	122	3	3	281	0	10	2	7	0	6	162	0	1	19.5	2	17.5	1167	29	1899	0	89	1.5	1	0	6	5	0	385	3	1.5	14	275	0	8.5	0	2	101	0	1	3	270	31	1	10	29	0	32	13	105	174	12	3	2	2	2	10	0	0	3	47	31	253	5	9	3	13	359	181	228	235	31	179	1	246.5	241	51.1	3	51	77	21	31.5	1235	0	255	3	29	18	4	39	68	71	107	246	0	6	2	180	1	169	12	4	1	3	98	9	10	1	9	14	17	72.1	244.5	307	2	1	1	10	125	17	14	0	9	159.5	3	158	0	109	94	9	0.5	3588	58	4	18	0	0	0	6	17	28	44	46	1	2	2	5	17	18	180	0	32	8	1047.5	98	21	4	72.3	10	5	0	1058	7	1566	186.5	420	33	29	112.6	8	14	27	0	5	500.5	1	0	259	517	1594.5	7	0	480	420.5	115.3	18	1	76	8.1	2	6	6	76	8	139	3	103	11	6	8.5	121	10	1	71	35	12	0	47	11	61	4	0	94	7	3	11	2	18	41	142	20	8	329	1	3	9	13	181	1	4	0	3	281	11	102	0	0	274	16	0	13	15	14	14	389	5	2	206	19	658	10	0	20	0	16	0	3001	6	29	1	4	614	2	3	1	4	88	17	185.6	26	16	44	23	132	7	7	51	19	11	1	75	26	0	0	9	0	8	9.5	5	3.3	1396	8	64	26	15.5	1	2	0	7	3	56	0	5	1
2020	124	8	768.5	2	199	107.6	65	1	6	0	140	0	45	4	0	2	6	59	5	0	16	8	8	11	610	0	5	6	1	19	8	3	8	2	0	4	8	188.5	14	33	4	9	58	298	290	3	5	348	0	1.5	1	83	2	4	12	14	4	209	11	3	13	360	133	1073	172	2	535	0	3	248	1	15	71	2	101	3	4	3	0	6.5	70	191	1	2	122	3	3	281	0	10	2	7	0	6	162	0	1	19.5	2	17.5	1167	29	1899	0	89	1.5	1	0	6	5	0	385	3	1.5	14	275	0	8.5	0	2	101	0	1	3	270	31	1	10	29	0	32	13	105	174	12	3	2	2	2	10	0	0	3	47	31	253	5	9	3	13	359	181	228	235	31	179	1	246.5	241	51.1	3	51	77	21	31.5	1235	0	255	3	29	18	4	39	68	71	107	246	0	6	2	180	1	169	12	4	1	3	98	9	10	1	9	14	17	72.1	244.5	307	2	1	1	10	125	17	14	0	9	159.5	3	158	0	109	94	9	0.5	3588	58	4	18	0	0	0	6	17	28	44	46	1	2	2	5	17	18	180	0	32	8	1047.5	98	21	4	72.3	10	5	0	1058	7	1566	186.5	420	33	29	112.6	8	14	27	0	5	500.5	1	0	259	517	1594.5	7	0	480	420.5	115.3	18	1	76	8.1	2	6	6	76	8	139	3	103	11	6	8.5	121	10	1	71	35	12	0	47	11	61	4	0	94	7	3	11	2	18	41	142	20	8	329	1	3	9	13	181	1	4	0	3	281	11	102	0	0	274	16	0	13	15	14	14	389	5	2	206	19	658	10	0	20	0	16	0	3001	6	29	1	4	614	2	3	1	4	88	17	185.6	26	16	44	23	132	7	7	51	19	11	1	75	26	0	0	9	0	8	9.5	5	3.3	1396	8	64	26	15.5	1	2	0	7	3	56	0	5	1
2020	124	8	768.5	2	199	107.6	65	1	6	0	140	0	45	4	0	2	6	59	5	0	16	8	8	11	610	0	5	6	1	19	8	3	8	2	0	4	8	188.5	14	33	4	9	58	298	290	3	5	348	0	1.5	1	83	2	4	12	14	4	209	11	3	13	360	133	1073	172	2	535	0	3	248	1	15	71	2	101	3	4	3	0	6.5	70	191	1	2	122	3	3	281	0	10	2	7	0	6	162	0	1	19.5	2	17.5	1167	29	1899	0	89	1.5	1	0	6	5	0	385	3	1.5	14	275	0	8.5	0	2	101	0	1	3	270	31	1	10	29	0	32	13	105	174	12	3	2	2	2	10	0	0	3	47	31	253	5	9	3	13	359	181	228	235	31	179	1	246.5	241	51.1	3	51	77	21	31.5	1235	0	255	3	29	18	4	39	68	71	107	246	0	6	2	180	1	169	12	4	1	3	98	9	10	1	9	14	17	72.1	244.5	307	2	1	1	10	125	17	14	0	9	159.5	3	158	0	109	94	9	0.5	3588	58	4	18	0	0	0	6	17	28	44	46	1	2	2	5	17	18	180	0	32	8	1047.5	98	21	4	72.3	10	5	0	1058	7	1566	186.5	420	33	29	112.6	8	14	27	0	5	500.5	1	0	259	517	1594.5	7	0	480	420.5	115.3	18	1	76	8.1	2	6	6	76	8	139	3	103	11	6	8.5	121	10	1	71	35	12	0	47	11	61	4	0	94	7	3	11	2	18	41	142	20	8	329	1	3	9	13	181	1	4	0	3	281	11	102	0	0	274	16	0	13	15	14	14	389	5	2	206	19	658	10	0	20	0	16	0	3001	6	29	1	4	614	2	3	1	4	88	17	185.6	26	16	44	23	132	7	7	51	19	11	1	75	26	0	0	9	0	8	9.5	5	3.3	1396	8	64	26	15.5	1	2	0	7	3	56	0	5	1
